0.008;0;0;0;11.8;0;27.6;-75.6;0;0;0;0
0.045;0;0;0;11.8;0;27.5;-75.4;0;0;0;0
0.071;0;0;0;11.8;0;27.5;-75.2;0;0;0;0
0.086;0;0;0;11.8;0;27.5;-75.2;0;0;0;0
0.103;0;0;0;11.8;0;27.5;-75.3;0;0;0;0
0.133;0;0;0;11.8;0;27.5;-75.1;0;0;0;0
0.168;0;0;0;11.8;0;27.5;-74.8;-0.1;0;0;0
0.179;0;0;0;11.8;0;27.5;-74.7;0;0;0;0
0.198;0;0;0;11.8;0;27.5;-74.7;-0.1;0;0;0
0.228;0;0;0;11.8;0;27.5;-74.4;0;0;0;0
0.26;0;0;0;11.8;0;27.5;-74.5;0;0;0;0
0.276;0;0;0;11.8;0;27.5;-74.6;-0.1;0;0;0
0.293;0;0;0;11.8;0;27.5;-74.5;-0.1;0;0;0
0.325;0;0;0;11.8;0;27.5;-74.6;0;0;0;0
0.353;0;0;0;11.8;0;27.5;-74.3;-0.1;0;0;0
0.372;0;0;0;11.8;0;27.5;-74.3;-0.1;0;0;0
0.405;0;0;0;11.8;0;27.5;-74.1;-0.1;0;0;0
0.438;0;0;0;11.8;0;27.5;-74;0;0;0;0
0.471;0;0;0;11.8;0;27.5;-74.7;-0.1;0;0;0
0.493;0;0;0;11.8;0;27.5;-74.9;0;0;0;0
0.51;0;0;0;11.8;0;27.5;-75.2;0;0;0;0
0.554;0;0;0;11.8;0;27.5;-75;0;0;0;0
0.574;0;0;0;11.8;0;27.5;-74.9;0;0;0;0
0.606;0;0;0;11.8;0;27.5;-74.6;0;0;0;0
0.634;0;0;0;11.8;0;27.5;-74.8;0;0;0;0
0.65;0;0;0;11.8;0;27.5;-74.8;-0.1;0;0;0
0.668;0;0;0;11.8;0;27.5;-74.6;0;0;0;0
0.696;0;0;0;11.8;0;27.5;-74.5;0;0;0;0
0.729;0;0;0;11.8;0;27.5;-74.4;0;0;0;0
0.741;0;0;0;11.8;0;27.5;-74.4;0;0;0;0
0.759;0;0;0;11.8;0;27.5;-74.5;0;0;0;0
0.79;0;0;0;11.8;0;27.5;-74.7;-0.1;0;0;0
0.822;0;0;0;11.8;0;27.5;-74.9;0;0;0;0
0.836;0;0;0;11.8;0;27.5;-75;0;0;0;0
0.852;0;0;0;11.8;0;27.5;-74.9;0;0;0;0
0.884;0;0;0;11.8;0;27.5;-74.5;0;0;0;0
0.917;0;0;0;11.8;0;27.5;-75;0;0;0;0
0.931;0;0;0;11.8;0;27.5;-75;0;0;0;0
0.947;0;0;0;11.8;0;27.5;-75.2;0;0;0;0
0.977;0;0;0;11.8;0;27.5;-75.3;0;0;0;0
1.008;0;0;0;11.8;0;27.5;-75.5;0;0;0;0
1.026;0;0;0;11.8;0;27.5;-75.4;0;0;0;0
1.041;0;0;0;11.8;0;27.5;-75.4;0;0;0;0
1.071;0;0;0;11.8;0;27.4;-75;0;0;0;0
1.102;0;0;0;11.8;0;27.5;-74.6;0;0;0;0
1.116;0;0;0;11.8;0;27.4;-74.5;0;0;0;0
1.138;0;0;0;11.8;0;27.5;-74.3;0;0;0;0
1.165;0;0;0;11.8;0;27.5;-74.3;0;0;0;0
1.198;0;0;0;11.8;0;27.5;-74.6;0;0;0;0
1.213;0;0;0;11.8;0;27.4;-74.7;0;0;0;0
1.227;0;0;0;11.8;0;27.4;-74.6;0;0;0;0
1.26;0;0;0;11.8;0;27.5;-74.5;0;0;0;0
1.292;0;0;0;11.8;0;27.4;-74.6;0;0;0;0
1.305;0;0;0;11.8;0;27.4;-74.8;-0.1;0;0;0
1.322;0;0;0;11.8;0;27.4;-74.9;0;0;0;0
1.353;0;0;0;11.8;0;27.4;-74.8;0;0;0;0
1.384;0;0;0;11.8;0;27.4;-74.8;-0.1;0;0;0
1.4;0;0;0;11.8;0;27.4;-75;-0.1;0;0;0
1.417;0;0;0;11.8;0;27.4;-74.9;0;0;0;0
1.473;0;0;0;11.8;0;27.4;-74.9;0;0;0;0
1.492;0;0;0;11.8;0;27.4;-74.9;0;0;0;0
1.526;0;0;0;11.8;0;27.4;-74.4;0;0;0;0
1.553;0;0;0;11.8;0;27.4;-74.6;0;0;0;0
1.573;0;0;0;11.8;0;27.4;-74.7;0;0;0;0
1.588;0;0;0;11.8;0;27.4;-74.8;0;0;0;0
1.606;0;0;0;11.8;0;27.4;-74.9;0;0;0;0
1.633;0;0;0;11.8;0;27.4;-74.8;-0.1;0;0;0
1.667;0;0;0;11.8;0;27.4;-74.6;0;0;0;0
1.683;0;0;0;11.8;0;27.4;-74.7;0;0;0;0
1.699;0;0;0;11.8;0;27.4;-74.8;0;0;0;0
1.727;0;0;0;11.8;0;27.4;-75.2;0;0;0;0
1.758;0;0;0;11.8;0;27.4;-75.3;0;0;0;0
1.775;0;0;0;11.8;0;27.4;-75.4;0;0;0;0
1.793;0;0;0;11.8;0;27.4;-75.5;0;0;0;0
1.824;0;0;0;11.8;0;27.4;-75.4;0;0;0;0
1.852;0;0;0;11.8;0;27.4;-75.6;0;0;0;0
1.868;0;0;0;11.8;0;27.4;-75.7;-0.1;0;0;0
1.886;0;0;0;11.8;0;27.4;-75.9;-0.1;0;0;0
1.918;0;0;0;11.8;0;27.4;-75.8;-0.1;0;0;0
1.947;0;0;0;11.8;0;27.4;-75.6;0;0;0;0
1.964;0;0;0;11.8;0;27.4;-75.5;0;0;0;0
1.983;0;0;0;11.8;0;27.4;-75.4;0;0;0;0
2.007;0;0;0;11.8;0;27.4;-75.5;0;0;0;0
2.041;0;0;0;11.8;0;27.4;-75.6;0;0;0;0
2.057;0;0;0;11.8;0;27.4;-75.6;0;0;0;0
2.074;0;0;0;11.8;0;27.4;-75.5;0;0;0;0
2.106;0;0;0;11.8;0;27.4;-75.3;0;0;0;0
2.133;0;0;0;11.8;0;27.4;-75.2;0;0;0;0
2.148;0;0;0;11.8;0;27.4;-75.2;-0.1;0;0;0
2.166;0;0;0;11.8;0;27.4;-75;0;0;0;0
2.198;0;0;0;11.8;0;27.4;-74.7;-0.1;0;0;0
2.227;0;0;0;11.8;0;27.4;-74.5;0;0;0;0
2.244;0;0;0;11.8;0;27.4;-74.3;0;0;0;0
2.262;0;0;0;11.8;0;27.4;-74.2;0;0;0;0
2.293;0;0;0;11.8;0;27.4;-74.5;0;0;0;0
2.322;0;0;0;11.8;0;27.4;-75;-0.1;0;0;0
2.338;0;0;0;11.8;0;27.4;-75;0;0;0;0
2.356;0;0;0;11.8;0;27.4;-75.2;0;0;0;0
2.383;0;0;0;11.8;0;27.4;-75.5;0;0;0;0
2.416;0;0;0;11.8;0;27.4;-75.4;0;0;0;0
2.435;0;0;0;11.8;0;27.4;-75.5;0;0;0;0
2.453;0;0;0;11.8;0;27.4;-75.6;0;0;0;0
2.48;0;0;0;11.8;0;27.4;-76;0;0;0;0
2.509;0;0;0;11.8;0;27.4;-76.2;0;0;0;0
2.527;0;0;0;11.8;0;27.4;-76.3;0;0;0;0
2.545;0;0;0;11.8;0;27.4;-76.2;-0.1;0;0;0
2.572;0;0;0;11.8;0;27.4;-75.6;0;0;0;0
2.602;0;0;0;11.8;0;27.4;-75.3;0;0;0;0
2.619;0;0;0;11.8;0;27.4;-75.4;0;0;0;0
2.637;0;0;0;11.8;0;27.4;-75.1;0;0;0;0
2.666;0;0;0;11.8;0;27.4;-75.4;-0.1;0;0;0
2.697;0;0;0;11.8;0;27.3;-75.1;0;0;0;0
2.716;0;0;0;11.8;0;27.3;-74.9;0;0;0;0
2.733;0;0;0;11.8;0;27.4;-74.9;0;0;0;0
2.758;0;0;0;11.8;0;27.4;-75.1;0;0;0;0
2.792;0;0;0;11.8;0;27.4;-75.1;0;0;0;0
2.809;0;0;0;11.8;0;27.4;-75.4;0;0;0;0
2.827;0;0;0;11.8;0;27.4;-75.6;0;0;0;0
2.852;0;0;0;11.8;0;27.4;-75.6;0;0;0;0
2.883;0;0;0;11.8;0;27.4;-75.6;0;0;0;0
2.899;0;0;0;11.8;0;27.4;-75.7;0;0;0;0
2.916;0;0;0;11.8;0;27.4;-75.7;0;0;0;0
2.949;0;0;0;11.8;0;27.4;-75.6;-0.1;0;0;0
2.977;0;0;0;11.8;0;27.4;-75.5;0;0;0;0
2.996;0;0;0;11.8;0;27.3;-75.2;0;0;0;0
3.014;0;0;0;11.8;0;27.3;-75.4;0;0;0;0
3.044;0;0;0;11.8;0;27.3;-75.4;0;0;0;0
3.072;0;0;0;11.8;0;27.3;-75.5;0;0;0;0
3.088;0;0;0;11.8;0;27.3;-75.3;0;0;0;0
3.106;0;0;0;11.8;0;27.3;-75.5;0;0;0;0
3.134;0;0;0;11.8;0;27.3;-75.1;0;0;0;0
3.167;0;0;0;11.8;0;27.3;-74.7;0;0;0;0
3.183;0;0;0;11.8;0;27.3;-74.7;0;0;0;0
3.2;0;0;0;11.8;0;27.3;-74.5;0;0;0;0
3.227;0;0;0;11.8;0;27.3;-74.3;-0.1;0;0;0
3.26;0;0;0;11.8;0;27.3;-74.1;0;0;0;0
3.278;0;0;0;11.8;0;27.3;-74.4;0;0;0;0
3.297;0;0;0;11.8;0;27.3;-74.3;0;0;0;0
3.326;0;0;0;11.8;0;27.3;-74.2;0;0;0;0
3.351;0;0;0;11.8;0;27.3;-74.4;0;0;0;0
3.368;0;0;0;11.8;0;27.3;-74.4;-0.1;0;0;0
3.386;0;0;0;11.8;0;27.3;-74.6;-0.1;0;0;0
3.415;0;0;0;11.8;0;27.3;-74.9;0;0;0;0
3.448;0;0;0;11.8;0;27.3;-74.9;0;0;0;0
3.465;0;0;0;11.8;0;27.3;-74.8;0;0;0;0
3.483;0;0;0;11.8;0;27.3;-74.8;0;0;0;0
3.509;0;0;0;11.8;0;27.3;-75;0;0;0;0
3.542;0;0;0;11.8;0;27.3;-75.2;-0.1;0;0;0
3.559;0;0;0;11.8;0;27.3;-75.3;0;0;0;0
3.575;0;0;0;11.8;0;27.3;-75.5;0;0;0;0
3.605;0;0;0;11.8;0;27.3;-74.9;0;0;0;0
3.638;0;0;0;11.8;0;27.3;-74.4;0;0;0;0
3.654;0;0;0;11.8;0;27.3;-74.4;0;0;0;0
3.672;0;0;0;11.8;0;27.3;-74.4;0;0;0;0
3.697;0;0;0;11.8;0;27.3;-74.2;0;0;0;0
3.727;0;0;0;11.8;0;27.3;-74.2;0;0;0;0
3.744;0;0;0;11.8;0;27.3;-74.4;0;0;0;0
3.763;0;0;0;11.8;0;27.3;-74.8;0;0;0;0
3.791;0;0;0;11.8;0;27.3;-75.1;0;0;0;0
3.822;0;0;0;11.8;0;27.3;-74.7;0;0;0;0
3.839;0;0;0;11.8;0;27.3;-74.5;0;0;0;0
3.856;0;0;0;11.8;0;27.3;-74.8;-0.1;0;0;0
3.883;0;0;0;11.8;0;27.3;-75;0;0;0;0
3.918;0;0;0;11.8;0;27.3;-75.3;-0.1;0;0;0
3.938;0;0;0;11.8;0;27.3;-75.5;-0.1;0;0;0
3.956;0;0;0;11.8;0;27.3;-75.3;-0.1;0;0;0
3.977;0;0;0;11.8;0;27.3;-75;0;0;0;0
4.01;0;0;0;11.8;0;27.3;-74.6;0;0;0;0
4.026;0;0;0;11.8;0;27.3;-74.8;0;0;0;0
4.043;0;0;-0.09;11.8;1;27.3;-75;0;0;0;0
4.073;5.782;0.49;8.31;11.8;31;27.3;-75.4;8.6;0;0;0
4.103;10.738;0.91;21.96;11.8;220;27.3;-75.3;1;0;0;0
4.121;0.118;0.01;0.85;11.8;409;27.3;-75.2;2.1;0;0;0
4.14;0.944;0.08;4.88;11.8;533;27.3;-75.6;2.4;0;0;0
4.169;2.242;0.19;7.32;11.8;604;27.3;-75.5;3.3;0;0;0
4.198;1.18;0.1;4.71;11.8;713;27.3;-75.5;2.7;0;0;0
4.218;1.298;0.11;5.56;11.8;725;27.3;-75.5;3.6;0;0;0
4.237;1.416;0.12;5.82;11.8;733;27.3;-75.5;3.7;0;0;0
4.259;0.826;0.07;2.98;11.8;789;27.3;-76;3.5;0;0;0
4.294;0.708;0.06;3.03;11.8;874;27.3;-76.2;2.5;0;0;0
4.312;0.826;0.07;3.6;11.8;895;27.3;-76.3;2.1;0;0;0
4.331;0.236;0.02;1.01;11.8;874;27.3;-76.2;3.5;0;0;0
4.354;0.354;0.03;1.21;11.8;946;27.3;-76.3;1.1;0;0;0
4.385;0.708;0.06;3.15;11.8;932;27.3;-76.3;3.9;0;0;0
4.403;0;0;0.67;11.8;929;27.3;-76;1.7;0;0;0
4.421;1.888;0.16;8.09;11.8;863;27.3;-75.9;2.5;0;0;0
4.448;1.652;0.14;7.42;11.8;831;27.3;-75.6;2.9;0;0;0
4.485;0.944;0.08;3.8;11.8;846;27.3;-75.5;3.1;0;0;0
4.509;0.236;0.02;1.55;11.8;908;27.3;-75.6;2.5;0;0;0
4.54;0.472;0.04;2.16;11.8;931;27.3;-75.3;2.7;0;0;0
4.572;0.236;0.02;1.4;11.8;952;27.3;-75.5;2.7;0;0;0
4.589;0.236;0.02;1.34;11.8;972;27.3;-75.6;1.7;0;0;0
4.608;0.118;0.01;0.8;11.8;982;27.3;-75.6;2;0;0;0
4.633;0.354;0.03;2.49;11.8;946;27.3;-75.9;3;0;0;0
4.665;0.236;0.02;1.3;11.8;971;27.3;-75.7;2.6;0;0;0
4.686;0.236;0.02;1.54;11.8;954;27.3;-75.4;1.8;0;0;0
4.707;1.77;0.15;8.46;11.8;845;27.3;-75.4;3.6;0;0;0
4.728;1.298;0.11;3.85;11.8;850;27.3;-75.2;2.4;0;0;0
4.758;0.944;0.08;3.99;11.8;911;27.3;-75.1;1.9;0;0;0
4.776;0.354;0.03;2.51;11.8;876;27.3;-75;2.7;0;0;0
4.795;0.944;0.08;3.42;11.8;906;27.3;-75.1;3.2;0;0;0
4.825;0.236;0.02;1.39;11.8;933;27.3;-75;2.2;0;0;0
4.852;0.59;0.05;2.67;11.8;968;27.3;-75;1.2;0;0;0
4.872;0.236;0.02;1.56;11.8;962;27.3;-75.1;2.5;0;0;0
4.893;0.59;0.05;2.74;11.8;938;27.3;-75.2;3;0;0;0
4.92;0.354;0.03;1.74;11.8;946;27.3;-75.1;2.9;0;0;0
4.946;0.354;0.03;1.81;11.8;945;27.3;-75.3;2.5;0;0;0
4.968;0.59;0.05;2.81;11.8;960;27.3;-75.5;3;0;0;0
4.992;0.354;0.03;1.89;11.8;958;27.3;-75.4;2.6;0;0;0
5.014;0.472;0.04;2.2;11.8;929;27.3;-75.2;3.2;0;0;0
5.04;0.354;0.03;1.86;11.8;961;27.3;-75.5;2.3;0;0;0
5.058;0.472;0.04;2.52;11.8;947;27.3;-75.3;3;0;0;0
5.078;0.354;0.03;1.87;11.8;956;27.3;-75.2;2.9;0;0;0
5.106;0.236;0.02;1.59;11.8;958;27.3;-75.3;2.5;0;0;0
5.135;0.472;0.04;2.46;11.8;954;27.3;-75.1;2.5;0;0;0
5.155;0.472;0.04;2.45;11.8;952;27.3;-75.1;3;0;0;0
5.174;0.472;0.04;2.68;11.8;940;27.3;-75;3;0;0;0
5.196;0.354;0.03;1.9;11.8;956;27.3;-75.3;2.3;0;0;0
5.228;0.472;0.04;2.16;11.8;961;27.3;-75.1;2.1;0;0;0
5.246;0.59;0.05;2.66;11.8;948;27.3;-75;3.1;0;0;0
5.266;0.354;0.03;2.09;11.8;944;27.3;-75.1;2.9;0;0;0
5.295;0.354;0.03;1.8;11.8;957;27.3;-75.1;2.5;0;0;0
5.323;0.354;0.03;1.96;11.8;959;27.3;-75.4;2.5;0;0;0
5.341;0.472;0.04;2.51;11.8;960;27.3;-75.5;3.1;0;0;0
5.36;0.354;0.03;1.65;11.8;966;27.3;-75.2;2.6;0;0;0
5.385;0.354;0.03;1.74;11.8;955;27.3;-75.1;2.6;0;0;0
5.418;0.354;0.03;2.05;11.8;964;27.3;-74.9;2.5;0;0;0
5.439;0.472;0.04;2.3;11.8;981;27.3;-75;2.2;0;0;0
5.458;0.472;0.04;2.34;11.8;973;27.3;-74.6;2.4;0;0;0
5.479;0.236;0.02;1.4;11.8;966;27.3;-74.5;2.2;0;0;0
5.509;0.59;0.05;2.63;11.8;963;27.3;-74.5;2.4;0;0;0
5.527;0.354;0.03;2.04;11.8;951;27.3;-74.7;2.9;0;0;0
5.546;0.59;0.05;2.93;11.8;940;27.3;-74.7;3;0;0;0
5.572;0.59;0.05;2.61;11.8;932;27.3;-74.7;2.4;0;0;0
5.603;0.826;0.07;3.69;11.8;930;27.3;-74.9;2.2;0;0;0
5.621;1.416;0.12;6.21;11.8;888;27.3;-75.1;3.3;0;0;0
5.639;0.472;0.04;2.19;11.8;918;27.3;-75.2;2.1;0;0;0
5.668;0.944;0.08;4;11.8;922;27.3;-75.1;2.3;0;0;0
5.697;1.298;0.11;5.39;11.8;852;27.3;-75.2;3.7;0;0;0
5.716;0.236;0.02;1.15;11.8;934;27.3;-75.1;1.2;0;0;0
5.733;1.298;0.11;5.06;11.8;914;27.3;-75.4;3.3;0;0;0
5.763;0.354;0.03;2.03;11.8;940;27.3;-75.5;2.3;0;0;0
5.792;0.826;0.07;3.52;11.8;930;27.3;-75.5;2.9;0;0;0
5.808;0.472;0.04;2.48;11.8;921;27.3;-75.5;2.8;0;0;0
5.827;0.708;0.06;3.01;11.8;953;27.3;-75.5;2.9;0;0;0
5.854;0.236;0.02;1.57;11.8;955;27.3;-75.4;2.8;0;0;0
5.883;0.472;0.04;2.4;11.8;943;27.3;-75.1;3.3;0;0;0
5.901;0.354;0.03;1.69;11.8;964;27.3;-74.9;2.7;0;0;0
5.917;0.472;0.04;2.27;11.8;961;27.3;-74.9;3.1;0;0;0
5.947;0.472;0.04;2.43;11.8;958;27.3;-74.9;3.4;0;0;0
5.977;0.236;0.02;1.5;11.8;972;27.3;-74.8;2.9;0;0;0
5.996;0.472;0.04;2.32;11.8;969;27.3;-74.9;2.8;0;0;0
6.015;0.472;0.04;2.24;11.8;986;27.3;-74.9;2;0;0;0
6.042;0.354;0.03;1.94;11.8;981;27.3;-74.7;2.9;0;0;0
6.072;6.962;0.59;14.29;11.8;1211;27.3;-74.9;4.1;0;0;0
6.089;1.77;0.15;5.26;11.8;1316;27.3;-74.9;3.3;0;0;0
6.107;0.236;0.02;1.48;11.8;1359;27.3;-75;2.9;0;0;0
6.134;0.944;0.08;3.27;11.8;1429;27.3;-75.1;2.5;0;0;0
6.166;-0.118;-0.01;-1.49;11.8;1521;27.4;-75.4;2.2;0;0;0
6.183;0;0;0.34;11.8;1507;27.4;-75.5;3.1;0;0;0
6.201;0.708;0.06;2.67;11.8;1482;27.4;-75.7;3.7;0;0;0
6.228;0.236;0.02;1.25;11.8;1498;27.3;-75.4;3.2;0;0;0
6.259;0.472;0.04;1.83;11.8;1491;27.3;-75;3.2;0;0;0
6.276;0.708;0.06;2.56;11.8;1484;27.4;-75.1;3.2;0;0;0
6.296;0.944;0.08;3.19;11.8;1457;27.4;-75;4.1;0;0;0
6.324;0.826;0.07;3.09;11.8;1462;27.4;-75.1;3.4;0;0;0
6.354;0.472;0.04;1.96;11.8;1478;27.4;-75.3;3;0;0;0
6.371;0.708;0.06;2.38;11.8;1463;27.4;-75.3;3.5;0;0;0
6.39;0.59;0.05;2.17;11.8;1477;27.4;-75.5;3.4;0;0;0
6.417;0.59;0.05;2.4;11.8;1463;27.4;-75.5;3.8;0;0;0
6.448;0.59;0.05;2.35;11.8;1470;27.4;-75.6;3.2;0;0;0
6.466;0.708;0.06;2.38;11.8;1472;27.4;-75.5;3.3;0;0;0
6.488;0.472;0.04;1.9;11.8;1481;27.4;-75.5;3.2;0;0;0
6.509;0.708;0.06;2.51;11.8;1462;27.4;-75.3;3.5;0;0;0
6.542;0.59;0.05;2.13;11.8;1472;27.4;-75.1;3.5;0;0;0
6.559;0.59;0.05;2.25;11.8;1478;27.4;-75;3;0;0;0
6.577;0.59;0.05;2.43;11.8;1458;27.4;-74.9;3.4;0;0;0
6.607;1.18;0.1;4.04;11.8;1438;27.4;-74.5;3.1;0;0;0
6.635;1.298;0.11;4.31;11.8;1431;27.4;-74.6;3.1;0;0;0
6.653;0.826;0.07;2.79;11.8;1423;27.4;-74.8;3.6;0;0;0
6.672;1.18;0.1;3.94;11.8;1428;27.4;-74.8;3.3;0;0;0
6.698;1.416;0.12;4.56;11.8;1417;27.4;-75.5;3.2;0;0;0
6.729;0.944;0.08;3.26;11.8;1427;27.4;-75.9;3.5;0;0;0
6.747;0.826;0.07;2.96;11.8;1422;27.4;-76;3.6;0;0;0
6.767;0.59;0.05;2.26;11.8;1456;27.4;-76;3;0;0;0
6.792;0.826;0.07;2.72;11.8;1456;27.4;-75.7;3.8;0;0;0
6.822;0.472;0.04;2.04;11.8;1459;27.4;-75.8;3.4;0;0;0
6.839;0.826;0.07;2.85;11.8;1470;27.4;-75.7;3.3;0;0;0
6.857;0.59;0.05;2.07;11.8;1467;27.4;-75.6;3.5;0;0;0
6.884;0.708;0.06;2.57;11.8;1475;27.4;-75.9;3.3;0;0;0
6.917;0.826;0.07;2.75;11.8;1472;27.5;-76;3.3;0;0;0
6.936;0.354;0.03;1.43;11.8;1476;27.4;-76;3.2;0;0;0
6.954;0.826;0.07;2.9;11.8;1468;27.4;-75.9;4;0;0;0
6.978;0.354;0.03;1.54;11.8;1494;27.4;-76;3.1;0;0;0
7.009;0.826;0.07;2.91;11.8;1486;27.4;-75.9;3.2;0;0;0
7.026;0.236;0.02;1.18;11.8;1493;27.4;-75.6;2.5;0;0;0
7.045;0.472;0.04;1.96;11.8;1465;27.4;-75.3;3.4;0;0;0
7.072;0.944;0.08;3;11.8;1492;27.5;-75.4;2.8;0;0;0
7.104;0.944;0.08;3.37;11.8;1410;27.4;-75.3;4.3;0;0;0
7.121;1.062;0.09;2.31;11.8;1489;27.5;-75.2;1;0;0;0
7.139;0;0;-0.22;11.8;1475;27.5;-75.2;3;0;0;0
7.167;1.298;0.11;4.4;11.8;1458;27.5;-75.5;3.4;0;0;0
7.2;0.59;0.05;2.1;11.8;1456;27.5;-75.6;4.2;0;0;0
7.218;0.472;0.04;1.8;11.8;1475;27.5;-75.8;3.2;0;0;0
7.237;0.708;0.06;2.78;11.8;1447;27.5;-75.8;3.8;0;0;0
7.26;0.708;0.06;2.41;11.8;1472;27.5;-75.7;3.3;0;0;0
7.291;0.59;0.05;2.38;11.8;1475;27.5;-76;3.7;0;0;0
7.308;0.354;0.03;1.73;11.8;1491;27.5;-75.8;2.9;0;0;0
7.327;0.59;0.05;2.26;11.8;1470;27.5;-75.7;3.7;0;0;0
7.353;0.472;0.04;1.96;11.8;1496;27.5;-75.6;2.8;0;0;0
7.385;0.826;0.07;3.01;11.8;1482;27.5;-75.6;3.4;0;0;0
7.401;0.118;0.01;1;11.8;1506;27.5;-75.6;2.1;0;0;0
7.421;0.354;0.03;1.89;11.8;1457;27.5;-75.6;3.7;0;0;0
7.448;1.18;0.1;3.56;11.8;1481;27.5;-75.9;2.7;0;0;0
7.478;1.062;0.09;3.71;11.8;1452;27.5;-75.9;3.5;0;0;0
7.498;0.944;0.08;3.27;11.8;1432;27.5;-76;3.7;0;0;0
7.518;1.18;0.1;3.97;11.8;1426;27.5;-75.8;3.4;0;0;0
7.545;1.062;0.09;3.48;11.8;1444;27.5;-75.6;3.2;0;0;0
7.573;1.298;0.11;4.36;11.8;1420;27.5;-75.7;3.7;0;0;0
7.589;0.472;0.04;1.97;11.8;1440;27.5;-75.8;3.4;0;0;0
7.609;0.826;0.07;2.97;11.8;1448;27.5;-75.7;3.8;0;0;0
7.634;0.708;0.06;2.76;11.8;1454;27.5;-75.7;3.4;0;0;0
7.665;0.826;0.07;2.85;11.8;1467;27.5;-75.3;3.1;0;0;0
7.682;0.826;0.07;2.83;11.8;1457;27.5;-75.4;3.7;0;0;0
7.701;0.59;0.05;2.21;11.8;1476;27.5;-75.3;3.2;0;0;0
7.727;0.59;0.05;2.35;11.8;1472;27.5;-75.2;3.7;0;0;0
7.761;0.472;0.04;1.74;11.8;1494;27.5;-75.3;3;0;0;0
7.778;0.826;0.07;2.63;11.8;1479;27.5;-75.1;3.7;0;0;0
7.798;0.472;0.04;1.92;11.8;1495;27.5;-74.9;3.4;0;0;0
7.823;0.826;0.07;2.82;11.8;1462;27.5;-75;3.9;0;0;0
7.853;0.472;0.04;2.02;11.8;1484;27.5;-75.3;3.4;0;0;0
7.871;0.944;0.08;3.21;11.8;1483;27.5;-75.3;3.2;0;0;0
7.889;0.354;0.03;1.52;11.8;1490;27.5;-75.2;3.2;0;0;0
7.919;0.826;0.07;2.81;11.8;1487;27.5;-75;3.1;0;0;0
7.947;0.826;0.07;2.85;11.8;1474;27.6;-74.8;3.7;0;0;0
7.962;0.354;0.03;1.59;11.8;1493;27.6;-74.8;2.8;0;0;0
7.982;0.826;0.07;2.7;11.8;1462;27.6;-74.9;3.9;0;0;0
8.009;0.472;0.04;1.82;11.8;1499;27.6;-75;2.6;0;0;0
8.042;7.788;0.66;13.81;11.8;1750;27.6;-74.9;5.4;0;0;0
8.058;0.944;0.08;2.58;11.8;1851;27.6;-74.9;3.6;0;0;0
8.078;0.944;0.08;2.95;11.8;1865;27.6;-74.8;4.7;0;0;0
8.106;0.59;0.05;1.48;11.8;1974;27.6;-74.7;1.1;0;0;0
8.135;0.59;0.05;1.61;11.8;2023;27.6;-74.9;1.7;0;0;0
8.152;0;0;-0.27;11.8;2014;27.6;-74.7;3.7;0;0;0
8.17;-0.236;-0.02;-0.76;11.8;2050;27.6;-74.8;2.6;0;0;0
8.198;0.236;0.02;0.96;11.8;2065;27.6;-75.1;2.3;0;0;0
8.228;0.944;0.08;2.51;11.8;2039;27.6;-74.8;3;0;0;0
8.25;1.298;0.11;3.15;11.8;1974;27.6;-75.1;4.8;0;0;0
8.268;0.826;0.07;2.7;11.8;1979;27.6;-75.3;3.7;0;0;0
8.29;1.888;0.16;5.03;11.8;1951;27.6;-75.2;4;0;0;0
8.322;1.416;0.12;3.96;11.8;1928;27.6;-75.1;4.2;0;0;0
8.339;2.006;0.17;5.3;11.8;1902;27.6;-75.2;4.9;0;0;0
8.358;1.298;0.11;3.69;11.8;1914;27.6;-75.2;4.2;0;0;0
8.388;1.062;0.09;3.05;11.8;1937;27.6;-75.2;4;0;0;0
8.419;1.298;0.11;3.57;11.8;1938;27.6;-75.1;4.1;0;0;0
8.438;1.18;0.1;3.42;11.8;1952;27.6;-75;3.9;0;0;0
8.457;0.708;0.06;2.25;11.8;1961;27.6;-75;4;0;0;0
8.48;0.826;0.07;2.51;11.8;1971;27.6;-75.2;4;0;0;0
8.51;0.708;0.06;2.14;11.8;1984;27.6;-75;4.2;0;0;0
8.527;0.708;0.06;2.27;11.8;1985;27.6;-75.1;4;0;0;0
8.545;0.708;0.06;2.32;11.8;1992;27.6;-75;3.8;0;0;0
8.573;0.826;0.07;2.42;11.8;1997;27.6;-74.6;3.9;0;0;0
8.604;0.944;0.08;2.71;11.8;1991;27.6;-74.5;3.9;0;0;0
8.621;0.354;0.03;1.47;11.8;2000;27.6;-75;3.2;0;0;0
8.64;0.944;0.08;2.88;11.8;1961;27.6;-75;4.4;0;0;0
8.668;0.944;0.08;2.64;11.8;1990;27.7;-75.4;3.6;0;0;0
8.699;0.944;0.08;2.76;11.8;1988;27.6;-75.4;3.8;0;0;0
8.718;0.944;0.08;2.79;11.8;1954;27.7;-75.4;4.8;0;0;0
8.736;0.944;0.08;2.84;11.8;1992;27.7;-75.5;3.8;0;0;0
8.759;0.59;0.05;2.01;11.8;1974;27.7;-75.5;4.2;0;0;0
8.791;0.944;0.08;2.65;11.8;1994;27.7;-75.3;3.5;0;0;0
8.808;1.18;0.1;3.39;11.8;1974;27.7;-75.2;4.6;0;0;0
8.827;0.59;0.05;1.96;11.8;1998;27.7;-75.1;3.4;0;0;0
8.854;0.944;0.08;2.67;11.8;1984;27.7;-75.1;4.2;0;0;0
8.884;0.826;0.07;2.37;11.8;1974;27.7;-75;4.6;0;0;0
8.901;1.062;0.09;2.9;11.8;1981;27.7;-75.2;4;0;0;0
8.92;0.826;0.07;2.52;11.8;1976;27.7;-75.1;4.2;0;0;0
8.947;1.534;0.13;4.29;11.8;1934;27.7;-75.2;4.7;0;0;0
8.978;1.298;0.11;3.64;11.8;1948;27.7;-75.2;4.2;0;0;0
8.997;1.416;0.12;3.95;11.8;1951;27.7;-75;4.1;0;0;0
9.015;1.298;0.11;3.63;11.8;1943;27.7;-74.8;4.2;0;0;0
9.043;0.826;0.07;2.56;11.8;1952;27.7;-75.3;4.5;0;0;0
9.072;0.708;0.06;2.18;11.8;1982;27.7;-75;3.9;0;0;0
9.089;1.416;0.12;3.89;11.8;1975;27.7;-75.2;4.3;0;0;0
9.107;0.472;0.04;1.64;11.8;1998;27.7;-75.4;3.1;0;0;0
9.134;1.18;0.1;3.17;11.8;1968;27.7;-75.4;4.6;0;0;0
9.166;0.944;0.08;2.63;11.8;1959;27.7;-75.1;4.5;0;0;0
9.184;0.944;0.08;2.71;11.8;1978;27.7;-74.9;4;0;0;0
9.204;1.18;0.1;3.25;11.8;1975;27.7;-75.2;4.1;0;0;0
9.227;0.944;0.08;2.79;11.8;1965;27.7;-75.2;4.2;0;0;0
9.258;1.062;0.09;3.15;11.8;1959;27.7;-75;4.5;0;0;0
9.274;0.708;0.06;2.33;11.8;1983;27.7;-74.8;3.8;0;0;0
9.292;1.062;0.09;2.85;11.8;1969;27.7;-74.9;4.3;0;0;0
9.322;0.708;0.06;2.16;11.8;1985;27.7;-74.8;3.9;0;0;0
9.353;0.944;0.08;2.82;11.8;1991;27.7;-74.8;3.7;0;0;0
9.369;1.18;0.1;3.17;11.8;1974;27.7;-75.1;4.5;0;0;0
9.387;0.708;0.06;2.17;11.8;1988;27.7;-74.8;4;0;0;0
9.419;0.826;0.07;2.49;11.8;1990;27.7;-74.8;3.9;0;0;0
9.448;0.708;0.06;2.15;11.8;1985;27.7;-74.5;4.5;0;0;0
9.465;0.708;0.06;2.2;11.8;2012;27.7;-74.7;3.6;0;0;0
9.485;0.354;0.03;1.39;11.8;2009;27.7;-74.8;3.6;0;0;0
9.51;1.062;0.09;2.85;11.8;1999;27.7;-75;3.8;0;0;0
9.544;1.062;0.09;2.91;11.8;1992;27.8;-75.4;4.1;0;0;0
9.562;0.826;0.07;2.53;11.8;1974;27.8;-75.6;4.4;0;0;0
9.58;1.298;0.11;3.46;11.8;1965;27.8;-75.6;4.1;0;0;0
9.604;1.534;0.13;4.1;11.8;1964;27.7;-75.6;3.8;0;0;0
9.635;1.18;0.1;3.34;11.8;1959;27.8;-75.4;4;0;0;0
9.653;1.534;0.13;4.27;11.8;1951;27.8;-75.6;4.4;0;0;0
9.67;0.708;0.06;2.28;11.8;1963;27.7;-75.6;4;0;0;0
9.698;1.18;0.1;3.18;11.8;1974;27.8;-75.5;3.6;0;0;0
9.728;1.18;0.1;3.17;11.8;1978;27.8;-75.6;3.6;0;0;0
9.745;0.708;0.06;2.25;11.8;1964;27.8;-75.6;4.3;0;0;0
9.764;1.298;0.11;3.6;11.8;1976;27.8;-75.2;3.9;0;0;0
9.791;0.944;0.08;2.39;11.8;1948;27.8;-75;5.2;0;0;0
9.822;0.708;0.06;1.61;11.8;1987;27.8;-75;3.6;0;0;0
9.839;2.36;0.2;5.86;11.8;1968;27.8;-74.9;4.6;0;0;0
9.858;0;0;-0.15;11.8;2017;27.8;-74.9;1.6;0;0;0
9.885;2.006;0.17;4.7;11.8;2016;27.8;-74.9;2.1;0;0;0
9.919;0.944;0.08;2.52;11.8;1961;27.8;-74.8;5.2;0;0;0
9.939;0.236;0.02;0.63;11.8;1998;27.8;-75.1;3;0;0;0
9.957;1.652;0.14;4.36;11.8;1982;27.8;-75.3;4.6;0;0;0
9.978;0.472;0.04;1.68;11.8;2005;27.8;-75.2;3.3;0;0;0
10.009;1.062;0.09;2.9;11.8;1991;27.8;-75.1;3.8;0;0;0
10.026;0.59;0.05;1.93;11.8;1994;27.8;-75.2;4.1;0;0;0
10.044;10.856;0.92;14.67;11.8;2264;27.8;-75.1;5.4;0;0;0
10.073;4.838;0.41;9.06;11.8;2339;27.8;-75.3;3.3;0;0;0
10.102;1.534;0.13;3.28;11.8;2451;27.8;-75.3;1.9;0;0;0
10.12;2.124;0.18;3.93;11.8;2414;27.8;-75.4;5.8;0;0;0
10.139;-0.354;-0.03;-1.48;11.8;2525;27.8;-75.4;1.7;0;0;0
10.168;0;0;-0.22;11.8;2543;27.8;-75.6;3.3;0;0;0
10.198;1.18;0.1;2.84;11.8;2528;27.8;-75.6;4.1;0;0;0
10.216;0.944;0.08;2.41;11.8;2492;27.8;-75.8;5;0;0;0
10.234;2.242;0.19;4.92;11.8;2478;27.8;-75.7;4.9;0;0;0
10.258;1.298;0.11;3.19;11.8;2480;27.8;-75.7;4.5;0;0;0
10.294;1.534;0.13;3.62;11.8;2457;27.8;-75.5;4.8;0;0;0
10.311;1.77;0.15;4.17;11.8;2453;27.8;-75.4;4.8;0;0;0
10.328;1.652;0.14;3.88;11.8;2446;27.8;-75.6;4.7;0;0;0
10.354;1.416;0.12;3.4;11.8;2456;27.8;-75.4;4.7;0;0;0
10.389;1.298;0.11;3.2;11.8;2461;27.8;-75.3;4.7;0;0;0
10.407;1.18;0.1;3;11.8;2469;27.8;-75.4;5;0;0;0
10.425;1.298;0.11;3.18;11.8;2472;27.8;-75.5;4.8;0;0;0
10.448;1.298;0.11;3.21;11.8;2470;27.8;-75.4;5.1;0;0;0
10.481;1.298;0.11;3.28;11.8;2473;27.8;-75.2;4.9;0;0;0
10.499;1.062;0.09;2.77;11.8;2474;27.8;-75.1;4.8;0;0;0
10.517;1.298;0.11;3.06;11.8;2479;27.8;-75.1;4.9;0;0;0
10.543;0.944;0.08;2.51;11.8;2486;27.8;-75.1;4.5;0;0;0
10.572;1.298;0.11;3.07;11.8;2484;27.9;-75.2;4.7;0;0;0
10.589;0.944;0.08;2.54;11.8;2493;27.9;-75;4.5;0;0;0
10.607;0.944;0.08;2.41;11.8;2489;27.9;-75;4.7;0;0;0
10.634;0.944;0.08;2.5;11.8;2502;27.9;-74.7;4.6;0;0;0
10.669;1.062;0.09;2.78;11.8;2495;27.9;-74.8;4.7;0;0;0
10.686;0.944;0.08;2.36;11.8;2500;27.9;-74.7;4.4;0;0;0
10.704;1.416;0.12;3.38;11.8;2479;27.9;-74.9;4.7;0;0;0
10.728;1.888;0.16;4.27;11.8;2455;27.9;-75.1;4.7;0;0;0
10.76;2.124;0.18;4.9;11.8;2422;27.9;-75;5.5;0;0;0
10.776;1.77;0.15;3.97;11.8;2446;27.9;-75.1;4.5;0;0;0
10.794;1.416;0.12;3.32;11.8;2446;27.9;-74.9;5;0;0;0
10.826;1.062;0.09;2.59;11.8;2464;27.9;-74.8;4.8;0;0;0
10.852;1.18;0.1;3;11.8;2484;27.9;-75;4.6;0;0;0
10.869;1.416;0.12;3.43;11.8;2479;27.9;-74.8;4.7;0;0;0
10.887;1.062;0.09;2.61;11.8;2483;27.9;-74.8;4.6;0;0;0
10.918;1.18;0.1;2.99;11.8;2491;27.9;-74.6;4.5;0;0;0
10.949;1.18;0.1;2.8;11.8;2483;27.9;-74.3;4.9;0;0;0
10.966;0.944;0.08;2.51;11.8;2499;27.9;-74.5;4.2;0;0;0
10.985;1.298;0.11;3.14;11.8;2487;27.9;-74.7;4.8;0;0;0
11.009;1.062;0.09;2.73;11.8;2484;27.9;-75.2;4.9;0;0;0
11.042;1.298;0.11;3.12;11.8;2482;27.9;-75.4;4.6;0;0;0
11.058;1.416;0.12;3.45;11.8;2475;27.9;-75.3;4.8;0;0;0
11.077;1.416;0.12;3.42;11.8;2475;27.9;-75.1;5;0;0;0
11.106;1.298;0.11;3.06;11.8;2476;27.9;-75.2;5;0;0;0
11.136;1.062;0.09;2.61;11.8;2498;27.9;-75.3;4.2;0;0;0
11.155;1.062;0.09;2.59;11.8;2489;27.9;-75.3;4.9;0;0;0
11.174;0.944;0.08;2.38;11.8;2501;27.9;-75.3;4.2;0;0;0
11.198;1.062;0.09;2.64;11.8;2494;27.9;-75.4;5.1;0;0;0
11.228;1.298;0.11;3.25;11.8;2481;27.9;-75.7;4.7;0;0;0
11.244;2.124;0.18;4.66;11.8;2449;27.9;-75.8;5.1;0;0;0
11.263;1.888;0.16;4.4;11.8;2446;27.9;-75.7;5.4;0;0;0
11.291;1.77;0.15;4.15;11.8;2439;27.9;-75.7;5.1;0;0;0
11.322;1.18;0.1;2.95;11.8;2463;27.9;-75.5;4.6;0;0;0
11.339;1.416;0.12;3.48;11.8;2474;27.9;-75.4;4.9;0;0;0
11.357;0.826;0.07;2.32;11.8;2480;27.9;-75.2;4.4;0;0;0
11.385;1.298;0.11;3.11;11.8;2490;27.9;-75.5;4.5;0;0;0
11.417;1.298;0.11;3.1;11.8;2488;27.9;-75.4;4.4;0;0;0
11.436;1.416;0.12;3.26;11.8;2479;27.9;-75.3;5.1;0;0;0
11.455;1.062;0.09;2.75;11.8;2485;27.9;-75.4;4.6;0;0;0
11.479;1.18;0.1;2.92;11.8;2483;27.9;-75.6;4.7;0;0;0
11.51;1.298;0.11;3.03;11.8;2488;27.9;-76;4.8;0;0;0
11.528;1.062;0.09;2.83;11.8;2488;27.9;-75.7;4.8;0;0;0
11.549;1.298;0.11;3.12;11.8;2489;27.9;-75.5;4.7;0;0;0
11.573;1.18;0.1;2.98;11.8;2490;27.9;-75.7;4.5;0;0;0
11.602;1.416;0.12;3.25;11.8;2483;28;-75.9;4.8;0;0;0
11.62;1.416;0.12;3.44;11.8;2486;27.9;-76;4.6;0;0;0
11.641;1.18;0.1;2.79;11.8;2487;28;-75.9;4.9;0;0;0
11.667;0.708;0.06;2.06;11.8;2511;28;-75.8;4;0;0;0
11.699;1.062;0.09;2.64;11.8;2511;28;-75.5;4.5;0;0;0
11.717;0.826;0.07;2.19;11.8;2504;28;-75.3;4.7;0;0;0
11.735;1.416;0.12;3.31;11.8;2496;28;-75.5;4.6;0;0;0
11.758;1.652;0.14;3.81;11.8;2478;28;-75.3;5;0;0;0
11.791;1.652;0.14;3.96;11.8;2470;28;-75.1;4.6;0;0;0
11.807;1.416;0.12;3.32;11.8;2454;28;-75.1;5;0;0;0
11.827;1.534;0.13;3.75;11.8;2474;28;-74.9;4.6;0;0;0
11.853;1.062;0.09;2.73;11.8;2474;28;-74.9;4.8;0;0;0
11.885;1.416;0.12;3.3;11.8;2479;28;-75.1;4.9;0;0;0
11.902;1.416;0.12;3.36;11.8;2475;28;-75.1;4.9;0;0;0
11.921;1.298;0.11;3.13;11.8;2476;28;-75.1;4.7;0;0;0
11.954;1.062;0.09;2.74;11.8;2486;28;-75.1;4.8;0;0;0
11.978;1.18;0.1;2.97;11.8;2487;28;-75.3;4.8;0;0;0
11.997;1.298;0.11;3.16;11.8;2488;28;-75.4;4.7;0;0;0
12.016;1.18;0.1;3.01;11.8;2481;28;-75.4;5;0;0;0
12.043;1.18;0.1;3;11.8;2485;28;-75.3;4.8;0;0;0
12.072;10.62;0.9;14.8;11.8;2717;28;-75.3;8.1;0;0;0
12.089;3.186;0.27;5.55;11.8;2815;28;-75.3;4.8;0;0;0
12.108;3.186;0.27;5.93;11.8;2861;28;-75.3;5.5;0;0;0
12.135;1.18;0.1;1.93;11.8;2931;28;-75.5;5.6;0;0;0
12.167;0.354;0.03;0.53;11.8;3018;28;-75.8;4.7;0;0;0
12.184;-0.118;-0.01;-0.63;11.8;3022;28;-75.8;5.8;0;0;0
12.202;0;0;0.02;11.8;3070;28;-75.6;3.5;0;0;0
12.228;1.298;0.11;2.69;11.8;3062;28;-75.8;4.1;0;0;0
12.26;1.888;0.16;3.76;11.8;3001;28;-75.9;5;0;0;0
12.278;2.242;0.19;4.43;11.8;2955;28;-75.8;6.2;0;0;0
12.296;1.888;0.16;3.89;11.8;2983;28;-75.8;5.1;0;0;0
12.323;2.124;0.18;4.16;11.8;2968;28;-75.5;5.3;0;0;0
12.354;1.888;0.16;3.84;11.8;2956;28;-75.2;5.4;0;0;0
12.371;1.888;0.16;3.98;11.8;2951;28;-75.1;5.4;0;0;0
12.39;2.006;0.17;4.12;11.8;2962;28;-75.2;5.3;0;0;0
12.418;1.77;0.15;3.64;11.8;2963;28;-75;5.7;0;0;0
12.448;1.888;0.16;3.78;11.8;2967;28;-75.2;5.5;0;0;0
12.465;1.888;0.16;3.77;11.8;2958;28;-75.2;5.6;0;0;0
12.484;1.534;0.13;3.4;11.8;2969;28;-75.1;5.2;0;0;0
12.51;1.652;0.14;3.5;11.8;2977;28;-75.5;5.2;0;0;0
12.54;1.534;0.13;3.24;11.8;2986;28;-75.6;5.2;0;0;0
12.557;1.062;0.09;2.57;11.8;2987;28;-75.7;5.5;0;0;0
12.576;1.416;0.12;3.1;11.8;2987;28;-75.5;5.4;0;0;0
12.604;1.298;0.11;2.87;11.8;2996;28;-75.2;5.2;0;0;0
12.634;1.298;0.11;2.79;11.8;2996;28;-75.2;5.3;0;0;0
12.651;1.416;0.12;3.05;11.8;3002;28;-75;5.1;0;0;0
12.669;1.652;0.14;3.5;11.8;2990;28;-75.2;5.5;0;0;0
12.698;2.006;0.17;3.99;11.8;2966;28;-75.4;5.7;0;0;0
12.728;1.77;0.15;3.75;11.8;2972;28.1;-75.5;5.6;0;0;0
12.746;1.18;0.1;2.69;11.8;2976;28.1;-75.4;5.5;0;0;0
12.766;1.77;0.15;3.6;11.8;2983;28.1;-75.7;5.4;0;0;0
12.793;1.18;0.1;2.66;11.8;2985;28.1;-75.6;5.8;0;0;0
12.822;1.298;0.11;2.85;11.8;2993;28.1;-75.5;5.2;0;0;0
12.839;1.888;0.16;3.93;11.8;2989;28.1;-75.4;5.6;0;0;0
12.857;1.18;0.1;2.77;11.8;2983;28.1;-75.5;5.5;0;0;0
12.885;2.006;0.17;4.08;11.8;2971;28.1;-75.6;5.3;0;0;0
12.918;1.652;0.14;3.51;11.8;2974;28.1;-75.4;5.5;0;0;0
12.937;1.534;0.13;3.2;11.8;2978;28.1;-75.4;5.4;0;0;0
12.955;2.124;0.18;4.23;11.8;2969;28.1;-75.3;5.3;0;0;0
12.978;2.124;0.18;4.27;11.8;2959;28.1;-75.4;5.6;0;0;0
13.009;1.298;0.11;2.86;11.8;2988;28.1;-75.5;5;0;0;0
13.026;1.18;0.1;2.69;11.8;2991;28.1;-75.8;5.4;0;0;0
13.045;0.944;0.08;2.28;11.8;3012;28.1;-75.6;4.6;0;0;0
13.072;1.416;0.12;3.1;11.8;3004;28.1;-75.3;5.2;0;0;0
13.103;1.298;0.11;2.82;11.8;2985;28.1;-75.1;5.4;0;0;0
13.12;2.596;0.22;4.98;11.8;2964;28.1;-75.2;5.6;0;0;0
13.139;1.77;0.15;3.78;11.8;2969;28.1;-75.2;5.5;0;0;0
13.166;1.888;0.16;3.92;11.8;2974;28.1;-74.9;5.2;0;0;0
13.198;1.652;0.14;3.57;11.8;2977;28.1;-74.7;5.3;0;0;0
13.221;1.298;0.11;2.9;11.8;2980;28.1;-74.7;5.7;0;0;0
13.239;1.298;0.11;2.8;11.8;2997;28.1;-74.7;5.1;0;0;0
13.259;1.18;0.1;2.62;11.8;2986;28.1;-75;5.8;0;0;0
13.291;1.652;0.14;3.33;11.8;2988;28.1;-75.7;5.4;0;0;0
13.31;1.77;0.15;3.6;11.8;2986;28.1;-76.1;5.5;0;0;0
13.329;1.298;0.11;2.83;11.8;2989;28.1;-76;5.5;0;0;0
13.353;1.652;0.14;3.4;11.8;2997;28.1;-75.9;5.3;0;0;0
13.385;1.534;0.13;3.3;11.8;2978;28.1;-75.8;5.6;0;0;0
13.403;1.888;0.16;3.95;11.8;2970;28.1;-75.8;5.9;0;0;0
13.421;2.006;0.17;4.04;11.8;2970;28.1;-75.8;5.6;0;0;0
13.447;1.534;0.13;3.35;11.8;2988;28.1;-76.2;5;0;0;0
13.478;1.298;0.11;2.86;11.8;2988;28.1;-76.7;5.3;0;0;0
13.496;0.944;0.08;2.33;11.8;3013;28.1;-76.7;4.6;0;0;0
13.515;1.77;0.15;3.59;11.8;2990;28.1;-76.7;5.5;0;0;0
13.542;1.298;0.11;2.84;11.8;2986;28.1;-76;5.4;0;0;0
13.573;2.36;0.2;4.62;11.8;2961;28.1;-76.2;5.5;0;0;0
13.589;2.714;0.23;5.35;11.8;2949;28.1;-75.9;5.8;0;0;0
13.607;1.298;0.11;2.85;11.8;2973;28.1;-75.6;4.9;0;0;0
13.635;1.652;0.14;3.41;11.8;2989;28.1;-75.7;5.1;0;0;0
13.668;1.416;0.12;2.94;11.8;2992;28.1;-75.3;5.3;0;0;0
13.686;1.062;0.09;2.54;11.8;3000;28.1;-75.2;5.1;0;0;0
13.706;1.652;0.14;3.42;11.8;2991;28.1;-75;5.4;0;0;0
13.727;1.534;0.13;3.35;11.8;2989;28.1;-75.1;5.4;0;0;0
13.759;1.534;0.13;3.21;11.8;2993;28.1;-75;5.2;0;0;0
13.776;1.416;0.12;2.99;11.8;3000;28.1;-75;5.1;0;0;0
13.794;1.534;0.13;3.17;11.8;2997;28.1;-74.9;5.6;0;0;0
13.825;1.534;0.13;3.18;11.8;2987;28.1;-74.8;5.7;0;0;0
13.854;1.77;0.15;3.62;11.8;2980;28.1;-74.8;5.6;0;0;0
13.871;1.77;0.15;3.82;11.8;2975;28.1;-74.6;5.7;0;0;0
13.89;1.416;0.12;3.13;11.8;2990;28.1;-74.7;5;0;0;0
13.919;1.416;0.12;3.03;11.8;3002;28.1;-74.8;5.1;0;0;0
13.948;1.416;0.12;2.97;11.8;2995;28.1;-74.7;5.6;0;0;0
13.965;1.298;0.11;2.88;11.8;3003;28.1;-75.3;5.2;0;0;0
13.984;2.242;0.19;4.5;11.8;2961;28.1;-75.4;6.1;0;0;0
14.01;2.124;0.18;4.15;11.8;2970;28.1;-75.2;5.4;0;0;0
14.043;11.564;0.98;14.45;11.8;3239;28.1;-75.4;7.9;0;0;0
14.061;2.596;0.22;4.66;11.8;3307;28.1;-75;6.7;0;0;0
14.081;2.596;0.22;4.15;11.8;3435;28.2;-75.3;3.7;0;0;0
14.106;0.59;0.05;0.74;11.8;3517;28.2;-75.1;3.1;0;0;0
14.135;0.354;0.03;0.48;11.8;3555;28.2;-74.7;4;0;0;0
14.152;2.714;0.23;4.21;11.8;3492;28.1;-74.6;6.6;0;0;0
14.17;0.472;0.04;1.18;11.8;3498;28.2;-74.7;6;0;0;0
14.198;2.006;0.17;3.61;11.8;3505;28.2;-75.1;5.2;0;0;0
14.23;2.714;0.23;4.62;11.8;3472;28.2;-75.2;5.8;0;0;0
14.247;3.068;0.26;5.28;11.8;3463;28.2;-75.3;6.2;0;0;0
14.266;1.888;0.16;3.53;11.8;3461;28.2;-75.1;6.4;0;0;0
14.292;1.652;0.14;3.27;11.8;3482;28.2;-75.3;5.7;0;0;0
14.322;1.534;0.13;2.94;11.8;3501;28.2;-75.1;5.6;0;0;0
14.338;2.006;0.17;3.68;11.8;3485;28.2;-74.8;6.2;0;0;0
14.357;1.888;0.16;3.66;11.8;3488;28.2;-74.7;5.8;0;0;0
14.384;2.478;0.21;4.46;11.8;3480;28.2;-74.6;5.7;0;0;0
14.418;1.888;0.16;3.49;11.8;3493;28.2;-74.5;5.5;0;0;0
14.438;1.77;0.15;3.35;11.8;3480;28.2;-74.5;6.3;0;0;0
14.457;1.416;0.12;2.81;11.8;3499;28.2;-74.6;5.6;0;0;0
14.48;1.888;0.16;3.43;11.8;3492;28.2;-74.8;6;0;0;0
14.511;1.77;0.15;3.23;11.8;3491;28.2;-74.6;6.1;0;0;0
14.531;1.534;0.13;3.09;11.8;3498;28.2;-75.1;5.6;0;0;0
14.55;2.596;0.22;4.6;11.8;3471;28.2;-75.3;6.6;0;0;0
14.572;3.186;0.27;5.33;11.8;3442;28.2;-75.5;6.6;0;0;0
14.603;2.006;0.17;3.72;11.8;3461;28.2;-75.7;6.3;0;0;0
14.621;1.77;0.15;3.39;11.8;3481;28.2;-75.7;5.9;0;0;0
14.639;2.124;0.18;3.83;11.8;3473;28.2;-75.8;6.4;0;0;0
14.668;1.652;0.14;3.12;11.8;3490;28.2;-76;5.9;0;0;0
14.698;1.534;0.13;3.01;11.8;3499;28.2;-76;5.7;0;0;0
14.717;2.242;0.19;4.02;11.8;3478;28.2;-75.7;6.1;0;0;0
14.735;3.186;0.27;5.54;11.8;3459;28.2;-75.6;6.1;0;0;0
14.76;2.478;0.21;4.39;11.8;3452;28.2;-75.4;6.4;0;0;0
14.789;1.652;0.14;3.21;11.8;3479;28.2;-75.3;5.9;0;0;0
14.806;1.77;0.15;3.3;11.8;3496;28.2;-75.2;5.5;0;0;0
14.824;1.534;0.13;2.99;11.8;3488;28.2;-75.2;6.1;0;0;0
14.854;1.534;0.13;2.95;11.8;3496;28.2;-75.7;6.3;0;0;0
14.885;1.77;0.15;3.42;11.8;3489;28.2;-75.3;6;0;0;0
14.902;2.36;0.2;4.27;11.8;3487;28.2;-75.3;6.1;0;0;0
14.919;2.006;0.17;3.63;11.8;3478;28.2;-75.1;6.2;0;0;0
14.948;1.888;0.16;3.48;11.8;3485;28.2;-74.9;5.9;0;0;0
14.98;1.77;0.15;3.41;11.8;3495;28.2;-74.8;5.7;0;0;0
14.999;2.124;0.18;3.77;11.8;3484;28.2;-74.7;6.2;0;0;0
15.017;1.652;0.14;3.25;11.8;3486;28.2;-74.6;6.2;0;0;0
15.044;1.534;0.13;3.01;11.8;3502;28.2;-74.6;5.7;0;0;0
15.072;1.77;0.15;3.26;11.8;3508;28.2;-74.5;5.6;0;0;0
15.089;2.124;0.18;3.84;11.8;3484;28.2;-74.6;6.6;0;0;0
15.107;2.832;0.24;4.96;11.8;3457;28.2;-74.5;6.6;0;0;0
15.138;3.068;0.26;5.27;11.8;3439;28.2;-75;6.5;0;0;0
15.168;1.77;0.15;3.42;11.8;3470;28.2;-75.4;6.2;0;0;0
15.184;1.77;0.15;3.42;11.8;3496;28.2;-75.2;5.5;0;0;0
15.202;1.652;0.14;3.08;11.8;3483;28.2;-75.1;6.3;0;0;0
15.228;1.534;0.13;3.06;11.8;3493;28.2;-75.4;5.9;0;0;0
15.259;1.888;0.16;3.55;11.8;3493;28.2;-75.2;6;0;0;0
15.278;2.124;0.18;4.01;11.8;3486;28.2;-74.9;6.2;0;0;0
15.297;2.006;0.17;3.77;11.8;3485;28.2;-74.7;6;0;0;0
15.324;1.888;0.16;3.5;11.8;3494;28.2;-74.7;5.8;0;0;0
15.352;2.124;0.18;3.9;11.8;3475;28.3;-75.3;6.2;0;0;0
15.37;2.124;0.18;3.98;11.8;3476;28.2;-75.1;6.3;0;0;0
15.388;1.888;0.16;3.54;11.8;3483;28.2;-75;6.2;0;0;0
15.417;1.534;0.13;3.06;11.8;3498;28.3;-75.4;5.7;0;0;0
15.447;1.416;0.12;2.74;11.8;3507;28.2;-75.3;6;0;0;0
15.465;1.652;0.14;3.21;11.8;3496;28.2;-75.2;6.1;0;0;0
15.485;3.186;0.27;5.4;11.8;3471;28.2;-75.2;6.4;0;0;0
15.509;2.242;0.19;4.11;11.8;3462;28.2;-75.1;6.8;0;0;0
15.541;2.124;0.18;3.9;11.8;3466;28.3;-75.1;6.6;0;0;0
15.557;1.652;0.14;3.23;11.8;3498;28.3;-75.2;5.4;0;0;0
15.576;1.652;0.14;2.98;11.8;3486;28.3;-75;6.2;0;0;0
15.605;1.534;0.13;2.96;11.8;3498;28.3;-75.1;6.2;0;0;0
15.634;2.124;0.18;3.81;11.8;3496;28.3;-75.3;5.8;0;0;0
15.651;2.36;0.2;4.17;11.8;3480;28.3;-75.4;6.4;0;0;0
15.67;1.77;0.15;3.34;11.8;3486;28.3;-75.3;5.8;0;0;0
15.698;2.006;0.17;3.78;11.8;3501;28.3;-75.3;5.6;0;0;0
15.728;2.124;0.18;3.78;11.8;3489;28.3;-75;5.9;0;0;0
15.751;1.888;0.16;3.57;11.8;3482;28.3;-74.9;6.4;0;0;0
15.768;1.534;0.13;2.99;11.8;3505;28.3;-74.9;5.5;0;0;0
15.791;1.888;0.16;3.48;11.8;3497;28.3;-75.3;6.2;0;0;0
15.822;1.416;0.12;2.85;11.8;3504;28.3;-75.2;6;0;0;0
15.839;1.298;0.11;2.56;11.8;3507;28.3;-75.4;5.7;0;0;0
15.857;3.54;0.3;5.82;11.8;3466;28.3;-75.3;6.4;0;0;0
15.885;2.478;0.21;4.38;11.8;3463;28.3;-75.3;6.4;0;0;0
15.919;2.124;0.18;3.86;11.8;3472;28.3;-75.6;6.3;0;0;0
15.937;1.534;0.13;3.07;11.8;3478;28.3;-75.6;6.2;0;0;0
15.955;2.242;0.19;4.11;11.8;3483;28.3;-75.7;6.2;0;0;0
15.978;1.298;0.11;2.62;11.8;3491;28.3;-75.4;5.9;0;0;0
16.01;2.006;0.17;3.69;11.8;3493;28.3;-75.2;6;0;0;0
16.027;2.714;0.23;4.76;11.8;3480;28.3;-75.3;6.2;0;0;0
16.044;14.396;1.22;15.2;11.8;3692;28.3;-75.3;8.3;0;0;0
16.072;10.148;0.86;12.94;11.8;3780;28.3;-75.2;6.8;0;0;0
16.104;1.888;0.16;3.25;11.8;3888;28.3;-75.1;6.9;0;0;0
16.121;0.472;0.04;1.19;11.8;3972;28.3;-75.1;5.9;0;0;0
16.139;0.472;0.04;0.97;11.8;4023;28.3;-75.5;5.7;0;0;0
16.168;0.354;0.03;0.82;11.8;4052;28.3;-75.4;6.3;0;0;0
16.198;1.298;0.11;2.39;11.8;4037;28.3;-74.9;6.8;0;0;0
16.216;2.124;0.18;3.54;11.8;4018;28.3;-75;6.6;0;0;0
16.234;2.714;0.23;4.38;11.8;4011;28.3;-75.3;6.6;0;0;0
16.259;1.888;0.16;3.27;11.8;4000;28.3;-75.6;6.7;0;0;0
16.294;2.36;0.2;3.96;11.8;3985;28.3;-75.6;6.7;0;0;0
16.313;3.068;0.26;4.83;11.8;3967;28.3;-75.6;6.9;0;0;0
16.331;3.304;0.28;5.15;11.8;3952;28.3;-75.7;7.1;0;0;0
16.352;3.186;0.27;4.99;11.8;3952;28.3;-75.4;7.1;0;0;0
16.384;2.95;0.25;4.71;11.8;3948;28.3;-75.1;6.9;0;0;0
16.401;2.832;0.24;4.71;11.8;3953;28.3;-75.4;6.6;0;0;0
16.419;3.068;0.26;4.81;11.8;3945;28.3;-75.4;6.9;0;0;0
16.448;2.36;0.2;3.93;11.8;3965;28.3;-75;6.9;0;0;0
16.48;1.888;0.16;3.27;11.8;3987;28.3;-75;6.7;0;0;0
16.497;1.534;0.13;2.73;11.8;3995;28.3;-75.2;6.7;0;0;0
16.516;2.714;0.23;4.32;11.8;3980;28.3;-75.3;6.9;0;0;0
16.544;2.832;0.24;4.5;11.8;3978;28.3;-75.3;6.5;0;0;0
16.573;2.124;0.18;3.68;11.8;3989;28.3;-75.1;6.6;0;0;0
16.589;1.77;0.15;3.15;11.8;3995;28.3;-75.1;6.6;0;0;0
16.607;1.77;0.15;3.06;11.8;4004;28.3;-75;6.6;0;0;0
16.634;1.888;0.16;3.19;11.8;4008;28.3;-75;6.4;0;0;0
16.666;2.006;0.17;3.5;11.8;3999;28.3;-74.8;6.8;0;0;0
16.682;2.596;0.22;4.13;11.8;3981;28.3;-74.8;6.9;0;0;0
16.7;3.068;0.26;4.87;11.8;3982;28.3;-74.8;6.7;0;0;0
16.728;2.478;0.21;4.09;11.8;3978;28.3;-74.7;6.8;0;0;0
16.76;2.478;0.21;4;11.8;3984;28.3;-75.1;6.5;0;0;0
16.778;2.478;0.21;4.15;11.8;3971;28.3;-75;7;0;0;0
16.797;2.242;0.19;3.69;11.8;3980;28.3;-75.1;6.7;0;0;0
16.824;2.006;0.17;3.38;11.8;3988;28.3;-75.3;6.6;0;0;0
16.854;3.304;0.28;5.09;11.8;3964;28.3;-75.2;6.9;0;0;0
16.871;3.068;0.26;4.88;11.8;3956;28.3;-75.5;7.1;0;0;0
16.889;2.006;0.17;3.38;11.8;3982;28.3;-75.4;6.4;0;0;0
16.915;2.124;0.18;3.49;11.8;3996;28.3;-75.1;6.1;0;0;0
16.948;1.888;0.16;3.26;11.8;3998;28.3;-75.1;6.4;0;0;0
16.965;2.36;0.2;3.85;11.8;4005;28.3;-75.1;6.4;0;0;0
16.983;1.77;0.15;3.07;11.8;3995;28.3;-74.9;6.8;0;0;0
17.009;2.478;0.21;4.13;11.8;3983;28.3;-74.8;6.7;0;0;0
17.042;2.95;0.25;4.81;11.8;3967;28.3;-75.2;6.9;0;0;0
17.06;2.124;0.18;3.54;11.8;3985;28.3;-75.3;6.4;0;0;0
17.077;2.36;0.2;3.98;11.8;3985;28.3;-75.5;6.8;0;0;0
17.107;2.242;0.19;3.67;11.8;3992;28.4;-75.4;6.7;0;0;0
17.135;1.77;0.15;3.14;11.8;4000;28.3;-75.1;6.8;0;0;0
17.151;1.534;0.13;2.71;11.8;4012;28.3;-75.4;6.5;0;0;0
17.17;2.832;0.24;4.62;11.8;3975;28.3;-75.6;7.3;0;0;0
17.198;2.832;0.24;4.52;11.8;3969;28.3;-75.8;6.9;0;0;0
17.229;2.596;0.22;4.24;11.8;3980;28.4;-76;6.8;0;0;0
17.246;2.242;0.19;3.67;11.8;3994;28.4;-75.9;6.4;0;0;0
17.266;2.006;0.17;3.38;11.8;3992;28.4;-75.9;6.9;0;0;0
17.291;2.006;0.17;3.36;11.8;3992;28.4;-76.1;6.8;0;0;0
17.322;2.596;0.22;4.21;11.8;3974;28.4;-76.1;7;0;0;0
17.338;3.068;0.26;4.91;11.8;3972;28.4;-75.9;7;0;0;0
17.356;2.714;0.23;4.42;11.8;3973;28.4;-75.8;6.9;0;0;0
17.387;2.242;0.19;3.68;11.8;3987;28.4;-75.4;6.5;0;0;0
17.417;2.124;0.18;3.59;11.8;3990;28.4;-75.7;6.6;0;0;0
17.436;2.006;0.17;3.39;11.8;3995;28.4;-75.7;6.7;0;0;0
17.454;1.888;0.16;3.25;11.8;4012;28.4;-75.5;6.3;0;0;0
17.478;2.006;0.17;3.44;11.8;4003;28.4;-75.7;6.6;0;0;0
17.51;2.832;0.24;4.45;11.8;3978;28.4;-75.3;6.9;0;0;0
17.529;2.478;0.21;4.12;11.8;3978;28.4;-75.5;7;0;0;0
17.548;2.36;0.2;3.99;11.8;3986;28.4;-75.2;6.5;0;0;0
17.572;2.242;0.19;3.69;11.8;4002;28.4;-75.1;6.3;0;0;0
17.603;2.006;0.17;3.46;11.8;4007;28.4;-75.5;6.4;0;0;0
17.622;2.242;0.19;3.59;11.8;3989;28.4;-75.6;6.9;0;0;0
17.641;2.124;0.18;3.57;11.8;3995;28.4;-75.7;6.5;0;0;0
17.667;2.95;0.25;4.66;11.8;3976;28.4;-75.8;6.8;0;0;0
17.697;2.714;0.23;4.48;11.8;3974;28.4;-75.9;6.6;0;0;0
17.717;2.596;0.22;4.21;11.8;3978;28.4;-76.2;6.8;0;0;0
17.734;2.124;0.18;3.62;11.8;3978;28.4;-76;6.9;0;0;0
17.759;2.124;0.18;3.53;11.8;3990;28.4;-75.6;6.6;0;0;0
17.79;1.888;0.16;3.27;11.8;4002;28.4;-75.5;6.5;0;0;0
17.808;2.006;0.17;3.52;11.8;4006;28.4;-75.6;6.5;0;0;0
17.827;3.304;0.28;5.17;11.8;3967;28.4;-75.5;7.5;0;0;0
17.855;2.714;0.23;4.34;11.8;3968;28.4;-75.2;7.2;0;0;0
17.885;2.242;0.19;3.67;11.8;3978;28.4;-75.2;7;0;0;0
17.903;2.124;0.18;3.5;11.8;4007;28.4;-75;6.1;0;0;0
17.922;2.006;0.17;3.36;11.8;3999;28.4;-75;6.8;0;0;0
17.948;1.888;0.16;3.2;11.8;4003;28.4;-75.2;6.7;0;0;0
17.979;2.478;0.21;4;11.8;3987;28.4;-75.8;6.9;0;0;0
17.998;2.596;0.22;4.26;11.8;3981;28.4;-75.6;6.6;0;0;0
18.018;2.714;0.23;4.38;11.8;3990;28.4;-75.8;6.7;0;0;0
18.043;2.124;0.18;3.52;11.8;3989;28.4;-75.8;6.8;0;0;0
18.073;12.862;1.09;13.95;11.8;4260;28.4;-75.7;8.8;0;0;0
18.09;3.186;0.27;4.65;11.8;4370;28.4;-75.8;6.3;0;0;0
18.108;4.248;0.36;5.79;11.8;4401;28.4;-75.9;7.5;0;0;0
18.134;2.596;0.22;3.74;11.8;4434;28.4;-76.1;7.4;0;0;0
18.165;2.596;0.22;3.95;11.8;4483;28.4;-75.9;7;0;0;0
18.182;1.534;0.13;2.3;11.8;4477;28.4;-75.9;7.7;0;0;0
18.205;1.534;0.13;2.58;11.8;4500;28.4;-76.1;7.7;0;0;0
18.227;1.534;0.13;2.57;11.8;4517;28.4;-75.8;7.3;0;0;0
18.26;2.242;0.19;3.4;11.8;4512;28.4;-75.9;7.6;0;0;0
18.277;2.124;0.18;3.33;11.8;4514;28.4;-76.1;7.1;0;0;0
18.299;2.596;0.22;4.01;11.8;4504;28.4;-75.6;7.4;0;0;0
18.324;3.068;0.26;4.49;11.8;4490;28.4;-75.2;7.3;0;0;0
18.353;2.832;0.24;4.28;11.8;4483;28.4;-75.3;7.4;0;0;0
18.371;2.596;0.22;3.99;11.8;4491;28.4;-75.2;7.2;0;0;0
18.39;2.714;0.23;4.07;11.8;4486;28.4;-75.1;7.5;0;0;0
18.417;3.304;0.28;4.69;11.8;4452;28.4;-75.3;7.9;0;0;0
18.447;4.248;0.36;5.97;11.8;4431;28.4;-75.2;8.1;0;0;0
18.465;2.832;0.24;4.17;11.8;4459;28.4;-75.1;7;0;0;0
18.486;2.596;0.22;3.98;11.8;4476;28.4;-75.1;7.2;0;0;0
18.509;2.36;0.2;3.59;11.8;4485;28.4;-75.5;7.3;0;0;0
18.543;2.36;0.2;3.62;11.8;4492;28.4;-75.5;7.5;0;0;0
18.56;2.36;0.2;3.73;11.8;4506;28.4;-75.7;7;0;0;0
18.579;2.832;0.24;4.17;11.8;4490;28.4;-75.8;7.5;0;0;0
18.605;3.068;0.26;4.47;11.8;4475;28.4;-75.9;7.6;0;0;0
18.639;2.95;0.25;4.41;11.8;4487;28.4;-76.1;7.1;0;0;0
18.658;2.596;0.22;3.88;11.8;4488;28.4;-76;7.5;0;0;0
18.677;2.478;0.21;3.73;11.8;4488;28.4;-75.8;7.4;0;0;0
18.697;2.832;0.24;4.16;11.8;4481;28.4;-76;7.4;0;0;0
18.727;3.776;0.32;5.33;11.8;4463;28.5;-76.2;7.3;0;0;0
18.745;2.832;0.24;4.25;11.8;4477;28.4;-76;7.3;0;0;0
18.764;2.478;0.21;3.74;11.8;4483;28.4;-75.6;7.4;0;0;0
18.791;2.36;0.2;3.64;11.8;4495;28.4;-75.2;7.3;0;0;0
18.82;2.36;0.2;3.63;11.8;4500;28.4;-75.3;7.2;0;0;0
18.838;2.478;0.21;3.82;11.8;4494;28.4;-75.3;7.5;0;0;0
18.857;2.596;0.22;3.99;11.8;4491;28.4;-75.2;7.5;0;0;0
18.884;2.832;0.24;4.23;11.8;4489;28.4;-75.1;7.3;0;0;0
18.918;2.596;0.22;3.88;11.8;4490;28.4;-75.1;7.4;0;0;0
18.937;2.714;0.23;4.01;11.8;4490;28.4;-75;7.2;0;0;0
18.957;2.95;0.25;4.35;11.8;4489;28.4;-75;7.6;0;0;0
18.978;2.596;0.22;3.9;11.8;4490;28.4;-74.9;7.3;0;0;0
19.008;3.54;0.3;5.11;11.8;4466;28.4;-75;7.8;0;0;0
19.026;2.714;0.23;4.09;11.8;4471;28.4;-74.9;7.5;0;0;0
19.045;2.596;0.22;3.84;11.8;4487;28.4;-74.9;7;0;0;0
19.071;2.596;0.22;3.92;11.8;4496;28.4;-74.8;7.2;0;0;0
19.102;2.242;0.19;3.47;11.8;4499;28.4;-74.7;7.3;0;0;0
19.12;2.596;0.22;4.01;11.8;4504;28.5;-74.6;7.2;0;0;0
19.139;2.478;0.21;3.78;11.8;4495;28.4;-74.5;7.4;0;0;0
19.167;2.95;0.25;4.34;11.8;4484;28.4;-74.6;7.6;0;0;0
19.199;3.068;0.26;4.56;11.8;4480;28.5;-74.5;7.5;0;0;0
19.218;2.95;0.25;4.34;11.8;4480;28.5;-74.5;7.4;0;0;0
19.238;2.596;0.22;3.85;11.8;4482;28.5;-74.5;7.3;0;0;0
19.258;2.36;0.2;3.65;11.8;4495;28.5;-74.6;7.2;0;0;0
19.293;3.186;0.27;4.61;11.8;4462;28.5;-74.6;7.8;0;0;0
19.311;3.776;0.32;5.31;11.8;4473;28.5;-74.9;7.3;0;0;0
19.329;3.068;0.26;4.46;11.8;4479;28.5;-74.9;7.5;0;0;0
19.356;2.242;0.19;3.49;11.8;4492;28.5;-75.1;7.5;0;0;0
19.393;2.242;0.19;3.5;11.8;4510;28.5;-74.9;7.1;0;0;0
19.41;2.478;0.21;3.72;11.8;4503;28.5;-74.8;7.4;0;0;0
19.429;2.124;0.18;3.38;11.8;4498;28.5;-74.8;7.5;0;0;0
19.449;3.068;0.26;4.46;11.8;4482;28.5;-74.9;7.4;0;0;0
19.478;4.012;0.34;5.7;11.8;4456;28.5;-74.9;7.6;0;0;0
19.499;2.242;0.19;3.51;11.8;4492;28.5;-75.3;7;0;0;0
19.519;2.478;0.21;3.78;11.8;4506;28.5;-75.6;6.9;0;0;0
19.543;2.596;0.22;3.89;11.8;4496;28.5;-75.4;7.3;0;0;0
19.572;2.714;0.23;4.02;11.8;4489;28.5;-75.2;7.6;0;0;0
19.589;3.186;0.27;4.65;11.8;4486;28.5;-75.1;7.5;0;0;0
19.608;2.832;0.24;4.23;11.8;4480;28.5;-75;7.6;0;0;0
19.633;3.186;0.27;4.67;11.8;4477;28.5;-75.3;7.4;0;0;0
19.668;2.242;0.19;3.47;11.8;4502;28.5;-75.5;7.5;0;0;0
19.687;2.006;0.17;3.18;11.8;4507;28.5;-75.2;7.4;0;0;0
19.709;2.36;0.2;3.6;11.8;4510;28.5;-74.9;7.2;0;0;0
19.73;2.478;0.21;3.81;11.8;4504;28.5;-74.8;7.3;0;0;0
19.758;2.95;0.25;4.37;11.8;4489;28.5;-74.8;7.4;0;0;0
19.775;3.068;0.26;4.51;11.8;4487;28.5;-74.9;7.4;0;0;0
19.796;2.832;0.24;4.18;11.8;4484;28.5;-74.9;7.3;0;0;0
19.823;2.596;0.22;3.95;11.8;4490;28.5;-75.3;7.4;0;0;0
19.852;2.596;0.22;3.93;11.8;4491;28.5;-75.5;7.5;0;0;0
19.871;3.658;0.31;5.1;11.8;4464;28.5;-75.7;7.6;0;0;0
19.89;4.248;0.36;5.89;11.8;4460;28.5;-75.4;7.7;0;0;0
19.918;2.714;0.23;4.14;11.8;4475;28.5;-75;7.5;0;0;0
19.948;2.242;0.19;3.56;11.8;4503;28.5;-75.2;7.2;0;0;0
19.966;2.242;0.19;3.37;11.8;4497;28.5;-74.9;7.5;0;0;0
19.986;2.242;0.19;3.51;11.8;4501;28.5;-75;7.2;0;0;0
20.01;2.714;0.23;4.02;11.8;4497;28.5;-75;7.3;0;0;0
20.04;19.706;1.67;18.86;11.8;4701;28.5;-74.7;9.4;0;0;0
20.059;7.552;0.64;9.15;11.8;4760;28.5;-74.9;8.9;0;0;0
20.078;1.18;0.1;1.84;11.8;4872;28.5;-75;8.3;0;0;0
20.104;-0.944;-0.08;-1.54;11.8;4992;28.5;-75;8.7;0;0;0
20.133;2.478;0.21;3.19;11.8;4997;28.5;-75;8.6;0;0;0
20.151;2.124;0.18;3.28;11.8;5000;28.5;-74.8;8.1;0;0;0
20.17;2.95;0.25;4.08;11.8;5034;28.5;-75;7.3;0;0;0
20.197;2.478;0.21;3.42;11.8;4994;28.5;-74.9;8.4;0;0;0
20.228;4.012;0.34;5.27;11.8;4984;28.5;-74.8;8.5;0;0;0
20.247;2.36;0.2;3.4;11.8;4988;28.5;-75.3;8.1;0;0;0
20.265;3.186;0.27;4.36;11.8;4999;28.5;-75.4;7.8;0;0;0
20.291;4.13;0.35;5.38;11.8;4964;28.5;-75.2;8.2;0;0;0
20.323;5.428;0.46;6.79;11.8;4932;28.5;-75.1;8.1;0;0;0
20.341;3.304;0.28;4.49;11.8;4963;28.5;-75;7.6;0;0;0
20.36;2.714;0.23;3.85;11.8;4976;28.5;-75;8.1;0;0;0
20.383;2.714;0.23;3.73;11.8;4989;28.5;-74.8;8.1;0;0;0
20.418;3.54;0.3;4.69;11.8;4982;28.5;-74.7;7.9;0;0;0
20.436;2.832;0.24;4.04;11.8;4991;28.5;-75;8;0;0;0
20.456;2.714;0.23;3.69;11.8;5001;28.5;-74.9;7.8;0;0;0
20.478;2.596;0.22;3.7;11.8;5007;28.5;-74.9;8.1;0;0;0
20.51;2.714;0.23;3.8;11.8;5009;28.5;-74.8;7.8;0;0;0
20.527;3.186;0.27;4.4;11.8;4998;28.5;-74.7;8;0;0;0
20.546;3.304;0.28;4.41;11.8;4986;28.5;-74.7;8;0;0;0
20.571;4.012;0.34;5.26;11.8;4972;28.5;-74.7;8.2;0;0;0
20.604;3.068;0.26;4.3;11.8;4986;28.5;-74.8;7.9;0;0;0
20.622;3.186;0.27;4.25;11.8;4983;28.5;-75.3;8;0;0;0
20.64;2.95;0.25;4.04;11.8;4982;28.5;-75.2;8;0;0;0
20.668;4.012;0.34;5.29;11.8;4966;28.5;-75;8.5;0;0;0
20.698;3.304;0.28;4.56;11.8;4984;28.5;-74.9;8;0;0;0
20.718;2.95;0.25;4.01;11.8;4987;28.5;-75.2;8;0;0;0
20.738;2.714;0.23;3.78;11.8;4988;28.5;-75.7;8.1;0;0;0
20.759;2.832;0.24;3.95;11.8;4993;28.5;-75.4;8;0;0;0
20.792;3.186;0.27;4.31;11.8;4989;28.5;-75.6;8.3;0;0;0
20.81;4.13;0.35;5.37;11.8;4966;28.5;-75.7;8.3;0;0;0
20.831;3.894;0.33;5.17;11.8;4976;28.5;-75.9;8.2;0;0;0
20.852;2.95;0.25;4.03;11.8;4982;28.5;-75.8;8.1;0;0;0
20.884;2.95;0.25;4.11;11.8;4987;28.5;-75.7;8.3;0;0;0
20.901;2.832;0.24;3.99;11.8;4991;28.5;-75.6;8.1;0;0;0
20.921;3.776;0.32;5.07;11.8;4967;28.5;-75.5;8.5;0;0;0
20.949;4.012;0.34;5.2;11.8;4968;28.5;-75.8;8.1;0;0;0
20.978;3.068;0.26;4.16;11.8;4982;28.5;-75.9;8.2;0;0;0
20.997;2.478;0.21;3.56;11.8;4998;28.5;-75.6;8;0;0;0
21.017;2.714;0.23;3.79;11.8;5008;28.5;-75.4;7.8;0;0;0
21.044;2.95;0.25;4.01;11.8;5002;28.5;-75.2;8.1;0;0;0
21.072;3.186;0.27;4.31;11.8;4992;28.5;-75.5;8.2;0;0;0
21.091;2.95;0.25;4.03;11.8;4997;28.6;-75.7;8;0;0;0
21.11;2.832;0.24;3.95;11.8;5003;28.5;-75.6;8;0;0;0
21.137;3.068;0.26;4.12;11.8;4998;28.6;-75.6;7.8;0;0;0
21.167;3.304;0.28;4.46;11.8;4986;28.5;-75.3;8.3;0;0;0
21.184;4.248;0.36;5.54;11.8;4964;28.6;-75.3;8.5;0;0;0
21.202;4.366;0.37;5.65;11.8;4964;28.5;-75.4;8.2;0;0;0
21.228;3.422;0.29;4.57;11.8;4975;28.6;-75.4;8.1;0;0;0
21.261;2.95;0.25;3.98;11.8;4986;28.6;-75.4;7.9;0;0;0
21.281;2.832;0.24;4.03;11.8;4991;28.6;-75.1;8.1;0;0;0
21.302;3.186;0.27;4.26;11.8;4992;28.6;-75.3;7.8;0;0;0
21.325;3.658;0.31;4.85;11.8;4986;28.6;-75.5;8.1;0;0;0
21.355;3.304;0.28;4.47;11.8;4984;28.6;-75.6;8.1;0;0;0
21.373;3.186;0.27;4.33;11.8;4984;28.6;-75.5;8.1;0;0;0
21.392;3.304;0.28;4.4;11.8;4982;28.6;-75.4;8.2;0;0;0
21.419;2.95;0.25;4.07;11.8;4997;28.6;-75;7.9;0;0;0
21.448;4.012;0.34;5.26;11.8;4964;28.6;-75.2;8.5;0;0;0
21.466;3.658;0.31;4.81;11.8;4972;28.6;-75.1;8;0;0;0
21.485;2.832;0.24;3.91;11.8;4985;28.6;-75.1;8;0;0;0
21.509;2.714;0.23;3.75;11.8;4995;28.6;-74.7;8.1;0;0;0
21.542;2.714;0.23;3.78;11.8;5007;28.6;-74.6;7.9;0;0;0
21.56;2.95;0.25;3.94;11.8;5001;28.6;-74.7;8.1;0;0;0
21.579;2.714;0.23;3.81;11.8;4998;28.6;-74.9;8.3;0;0;0
21.606;3.658;0.31;4.84;11.8;4985;28.6;-74.8;8.4;0;0;0
21.634;3.304;0.28;4.52;11.8;4992;28.6;-75.1;8.2;0;0;0
21.652;2.832;0.24;3.81;11.8;4999;28.6;-75.2;7.9;0;0;0
21.671;2.714;0.23;3.79;11.8;5001;28.6;-74.8;8.1;0;0;0
21.698;3.304;0.28;4.44;11.8;4990;28.6;-74.7;8.1;0;0;0
21.727;4.484;0.38;5.73;11.8;4970;28.6;-74.8;8.2;0;0;0
21.746;3.068;0.26;4.33;11.8;4972;28.6;-74.7;8.3;0;0;0
21.766;3.186;0.27;4.29;11.8;4982;28.6;-74.7;8.1;0;0;0
21.79;3.068;0.26;4.22;11.8;4993;28.6;-75.2;8;0;0;0
21.822;3.304;0.28;4.47;11.8;4986;28.6;-75.6;8.3;0;0;0
21.842;3.776;0.32;5.01;11.8;4976;28.6;-75.6;8.3;0;0;0
21.862;3.54;0.3;4.67;11.8;4979;28.6;-75.8;8.1;0;0;0
21.89;2.832;0.24;4.02;11.8;4988;28.6;-75.4;8.3;0;0;0
21.92;2.832;0.24;3.95;11.8;5004;28.6;-75.8;7.9;0;0;0
21.94;2.596;0.22;3.62;11.8;5006;28.6;-75.7;8.1;0;0;0
21.96;3.54;0.3;4.77;11.8;4983;28.6;-75.7;8.4;0;0;0
21.981;4.13;0.35;5.33;11.8;4973;28.6;-75.9;8.1;0;0;0
22.01;3.422;0.29;4.59;11.8;4985;28.6;-75.9;8.2;0;0;0
22.029;2.714;0.23;3.8;11.8;5000;28.6;-75.8;7.7;0;0;0
22.047;15.812;1.34;13.64;11.8;5308;28.6;-75.8;10.2;0;0;0
22.072;11.682;0.99;12.38;11.8;5311;28.6;-75.8;8.2;0;0;0
22.104;4.72;0.4;5.37;11.8;5371;28.6;-75.6;9;0;0;0
22.122;3.658;0.31;4.62;11.8;5443;28.6;-75.7;7.9;0;0;0
22.14;2.832;0.24;3.67;11.8;5469;28.6;-75.6;8.4;0;0;0
22.167;1.416;0.12;2.29;11.8;5537;28.6;-75.7;8.2;0;0;0
22.198;1.77;0.15;2.43;11.8;5536;28.6;-75.8;8.2;0;0;0
22.218;3.54;0.3;4.53;11.8;5525;28.6;-75.9;8.6;0;0;0
22.238;3.186;0.27;4.12;11.8;5523;28.6;-75.9;8.7;0;0;0
22.258;2.714;0.23;3.61;11.8;5524;28.6;-76.1;8.9;0;0;0
22.293;3.068;0.26;3.89;11.8;5514;28.6;-76;8.9;0;0;0
22.312;3.894;0.33;4.8;11.8;5492;28.6;-76.1;8.9;0;0;0
22.333;4.72;0.4;5.69;11.8;5472;28.6;-76;8.8;0;0;0
22.354;5.546;0.47;6.59;11.8;5447;28.6;-75.6;9.2;0;0;0
22.384;5.074;0.43;6.05;11.8;5450;28.6;-75.6;8.7;0;0;0
22.402;3.776;0.32;4.6;11.8;5459;28.6;-75.5;8.7;0;0;0
22.422;3.304;0.28;4.24;11.8;5469;28.6;-75.4;8.9;0;0;0
22.448;5.192;0.44;6.1;11.8;5451;28.6;-75.2;9;0;0;0
22.48;3.422;0.29;4.32;11.8;5485;28.6;-75.2;8.7;0;0;0
22.499;3.304;0.28;4.13;11.8;5495;28.6;-74.9;8.7;0;0;0
22.519;3.186;0.27;3.99;11.8;5498;28.6;-74.9;8.7;0;0;0
22.543;3.186;0.27;4.08;11.8;5503;28.6;-74.5;8.9;0;0;0
22.573;3.304;0.28;4.13;11.8;5500;28.6;-74.5;8.9;0;0;0
22.591;4.13;0.35;4.95;11.8;5490;28.6;-74.5;8.7;0;0;0
22.612;3.304;0.28;4.23;11.8;5502;28.6;-74.7;8.6;0;0;0
22.639;2.95;0.25;3.82;11.8;5508;28.6;-74.4;8.5;0;0;0
22.668;3.658;0.31;4.56;11.8;5494;28.6;-74.4;8.9;0;0;0
22.687;5.192;0.44;6.05;11.8;5468;28.6;-74.4;9;0;0;0
22.707;3.776;0.32;4.73;11.8;5475;28.6;-74.6;8.8;0;0;0
22.728;3.776;0.32;4.64;11.8;5480;28.6;-74.7;8.7;0;0;0
22.76;3.894;0.33;4.78;11.8;5478;28.6;-74.6;8.9;0;0;0
22.778;4.72;0.4;5.66;11.8;5457;28.6;-74.6;9;0;0;0
22.798;4.956;0.42;5.93;11.8;5456;28.6;-74.6;9;0;0;0
22.823;3.658;0.31;4.62;11.8;5467;28.6;-74.6;9.1;0;0;0
22.854;3.894;0.33;4.83;11.8;5482;28.7;-74.8;8.8;0;0;0
22.872;3.186;0.27;4.01;11.8;5494;28.6;-75.4;8.5;0;0;0
22.892;2.832;0.24;3.78;11.8;5504;28.6;-75.4;8.7;0;0;0
22.917;4.248;0.36;5.12;11.8;5485;28.6;-75.1;9;0;0;0
22.948;3.658;0.31;4.51;11.8;5491;28.6;-75.2;8.7;0;0;0
22.968;3.186;0.27;4.1;11.8;5502;28.7;-75.5;8.8;0;0;0
22.989;3.068;0.26;3.92;11.8;5506;28.6;-75.6;8.6;0;0;0
23.009;3.186;0.27;4.08;11.8;5507;28.7;-75.6;8.8;0;0;0
23.042;3.658;0.31;4.58;11.8;5493;28.6;-75.9;9;0;0;0
23.06;4.012;0.34;4.97;11.8;5485;28.6;-75.9;9;0;0;0
23.082;3.658;0.31;4.55;11.8;5489;28.6;-75.8;8.6;0;0;0
23.109;3.54;0.3;4.4;11.8;5492;28.6;-75.4;8.8;0;0;0
23.135;4.248;0.36;5.18;11.8;5479;28.6;-75.6;8.7;0;0;0
23.154;5.074;0.43;6.03;11.8;5452;28.6;-75.5;9.3;0;0;0
23.174;4.366;0.37;5.29;11.8;5476;28.6;-75.5;8.7;0;0;0
23.197;3.304;0.28;4.12;11.8;5488;28.6;-75.3;8.6;0;0;0
23.229;2.95;0.25;3.84;11.8;5503;28.6;-75.1;8.4;0;0;0
23.247;3.54;0.3;4.47;11.8;5505;28.7;-75.6;8.5;0;0;0
23.267;3.304;0.28;4.23;11.8;5504;28.7;-75.7;8.8;0;0;0
23.295;3.422;0.29;4.33;11.8;5502;28.6;-75.7;8.7;0;0;0
23.323;3.894;0.33;4.81;11.8;5484;28.6;-75.1;8.8;0;0;0
23.344;3.894;0.33;4.81;11.8;5490;28.6;-74.9;8.7;0;0;0
23.366;3.422;0.29;4.37;11.8;5487;28.6;-74.8;8.8;0;0;0
23.386;4.366;0.37;5.35;11.8;5474;28.6;-75;9.1;0;0;0
23.418;4.72;0.4;5.7;11.8;5474;28.6;-75;8.6;0;0;0
23.44;3.422;0.29;4.32;11.8;5490;28.6;-75.1;8.7;0;0;0
23.461;3.422;0.29;4.24;11.8;5494;28.6;-75;8.7;0;0;0
23.483;3.186;0.27;4.05;11.8;5499;28.6;-74.9;8.7;0;0;0
23.509;3.422;0.29;4.29;11.8;5496;28.6;-75;8.8;0;0;0
23.526;4.366;0.37;5.32;11.8;5483;28.6;-74.9;8.8;0;0;0
23.546;4.484;0.38;5.42;11.8;5478;28.6;-74.8;9.1;0;0;0
23.572;3.776;0.32;4.72;11.8;5489;28.7;-75.1;8.5;0;0;0
23.602;3.422;0.29;4.32;11.8;5491;28.7;-75.3;8.8;0;0;0
23.622;4.602;0.39;5.54;11.8;5466;28.7;-75;9.1;0;0;0
23.641;4.366;0.37;5.32;11.8;5472;28.7;-75.3;8.9;0;0;0
23.667;3.658;0.31;4.48;11.8;5487;28.7;-75.6;8.5;0;0;0
23.698;3.54;0.3;4.38;11.8;5491;28.6;-75.6;8.6;0;0;0
23.722;3.304;0.28;4.23;11.8;5501;28.6;-75.7;8.7;0;0;0
23.754;3.422;0.29;4.29;11.8;5503;28.7;-75.8;8.6;0;0;0
23.779;3.304;0.28;4.17;11.8;5504;28.7;-75.8;8.7;0;0;0
23.806;3.422;0.29;4.34;11.8;5501;28.7;-75.9;8.8;0;0;0
23.838;3.422;0.29;4.29;11.8;5504;28.7;-75.7;8.5;0;0;0
23.862;4.838;0.41;5.81;11.8;5470;28.7;-75.4;9.1;0;0;0
23.883;5.074;0.43;6.08;11.8;5461;28.7;-75.2;9.1;0;0;0
23.903;3.54;0.3;4.43;11.8;5479;28.7;-75.2;8.7;0;0;0
23.932;3.304;0.28;4.2;11.8;5491;28.7;-75.2;8.6;0;0;0
23.952;3.304;0.28;4.23;11.8;5498;28.7;-75.3;8.7;0;0;0
23.971;3.54;0.3;4.39;11.8;5498;28.7;-75.3;8.5;0;0;0
23.993;4.13;0.35;5.02;11.8;5489;28.7;-75.1;8.9;0;0;0
24.026;3.894;0.33;4.73;11.8;5485;28.7;-75;8.9;0;0;0
24.046;4.012;0.34;4.97;11.8;5486;28.7;-75.1;9;0;0;0
24.067;18.054;1.53;14.67;11.8;5792;28.7;-75.3;11.1;0;0;0
24.088;12.272;1.04;12.36;11.8;5838;28.7;-75.6;9.3;0;0;0
24.117;4.72;0.4;5.33;11.8;5912;28.7;-75.6;8.8;0;0;0
24.138;3.422;0.29;4.07;11.8;5948;28.7;-75.7;9.4;0;0;0
24.157;2.478;0.21;3.09;11.8;5979;28.7;-75.7;9.3;0;0;0
24.18;2.242;0.19;2.86;11.8;6007;28.7;-75.4;9.4;0;0;0
24.211;3.068;0.26;3.73;11.8;6025;28.7;-75.6;9.5;0;0;0
24.231;3.304;0.28;3.98;11.8;6022;28.7;-75.7;9.5;0;0;0
24.25;2.832;0.24;3.51;11.8;6031;28.7;-75.8;9.4;0;0;0
24.277;3.068;0.26;3.69;11.8;6028;28.7;-75.7;9.5;0;0;0
24.307;4.602;0.39;5.17;11.8;5991;28.7;-75.7;9.7;0;0;0
24.341;5.428;0.46;6.03;11.8;5959;28.7;-76;9.9;0;0;0
24.368;4.248;0.36;4.9;11.8;5975;28.7;-75.7;9.7;0;0;0
24.4;4.13;0.35;4.73;11.8;5979;28.7;-75.7;9.5;0;0;0
24.424;5.192;0.44;5.73;11.8;5966;28.7;-75.8;9.8;0;0;0
24.443;4.012;0.34;4.66;11.8;5973;28.7;-75.9;9.7;0;0;0
24.463;5.31;0.45;5.84;11.8;5963;28.7;-75.6;9.8;0;0;0
24.493;3.894;0.33;4.54;11.8;5990;28.7;-75.7;9.5;0;0;0
24.513;3.894;0.33;4.38;11.8;5985;28.7;-75.5;9.3;0;0;0
24.532;5.664;0.48;6.2;11.8;5974;28.7;-75.4;9.4;0;0;0
24.556;4.13;0.35;4.79;11.8;5986;28.7;-75.1;9.4;0;0;0
24.587;3.422;0.29;4.11;11.8;6002;28.7;-75.2;9.6;0;0;0
24.608;3.894;0.33;4.47;11.8;5999;28.7;-74.8;9.3;0;0;0
24.627;4.366;0.37;4.95;11.8;5993;28.7;-74.7;9.5;0;0;0
24.648;4.484;0.38;5.14;11.8;5986;28.7;-74.6;9.7;0;0;0
24.68;4.248;0.36;4.86;11.8;5985;28.7;-74.7;9.6;0;0;0
24.699;4.012;0.34;4.63;11.8;5985;28.7;-75;9.4;0;0;0
24.718;4.956;0.42;5.61;11.8;5970;28.7;-75.2;9.8;0;0;0
24.744;5.546;0.47;6.07;11.8;5954;28.7;-75.2;9.8;0;0;0
24.773;4.248;0.36;4.83;11.8;5980;28.7;-75.3;9.2;0;0;0
24.793;3.776;0.32;4.42;11.8;5998;28.7;-75.3;9.2;0;0;0
24.813;3.658;0.31;4.31;11.8;6002;28.7;-75.3;9.5;0;0;0
24.838;3.776;0.32;4.42;11.8;6002;28.7;-75;9.5;0;0;0
24.869;4.248;0.36;4.87;11.8;5984;28.7;-75;9.5;0;0;0
24.888;5.9;0.5;6.45;11.8;5963;28.7;-75;9.6;0;0;0
24.907;4.012;0.34;4.74;11.8;5982;28.7;-75;9.4;0;0;0
24.933;3.658;0.31;4.32;11.8;5994;28.7;-74.8;9.5;0;0;0
24.961;5.074;0.43;5.63;11.8;5971;28.7;-74.6;9.9;0;0;0
24.982;5.192;0.44;5.84;11.8;5964;28.7;-74.7;9.9;0;0;0
25.002;3.658;0.31;4.24;11.8;5985;28.7;-74.8;9.3;0;0;0
25.023;3.422;0.29;4.07;11.8;5999;28.7;-74.9;9.3;0;0;0
25.055;4.012;0.34;4.66;11.8;5992;28.7;-75;9.5;0;0;0
25.076;5.074;0.43;5.73;11.8;5977;28.7;-74.8;9.7;0;0;0
25.095;4.72;0.4;5.29;11.8;5979;28.7;-75;9.4;0;0;0
25.117;4.012;0.34;4.64;11.8;5988;28.7;-74.8;9.3;0;0;0
25.15;3.658;0.31;4.36;11.8;6003;28.7;-74.9;9.5;0;0;0
25.17;4.366;0.37;4.97;11.8;5986;28.7;-75.1;9.6;0;0;0
25.188;5.192;0.44;5.78;11.8;5980;28.7;-75.2;9.7;0;0;0
25.214;4.366;0.37;4.92;11.8;5983;28.7;-75.4;9.6;0;0;0
25.243;3.894;0.33;4.44;11.8;5995;28.7;-75.6;9.3;0;0;0
25.263;3.776;0.32;4.43;11.8;5999;28.7;-75.6;9.4;0;0;0
25.282;3.894;0.33;4.49;11.8;5999;28.7;-75.8;9.6;0;0;0
25.305;4.248;0.36;4.82;11.8;5990;28.7;-75.5;9.7;0;0;0
25.338;4.838;0.41;5.5;11.8;5984;28.7;-75.5;9.7;0;0;0
25.358;3.894;0.33;4.55;11.8;5988;28.7;-75.5;9.6;0;0;0
25.378;4.248;0.36;4.85;11.8;5981;28.7;-75.3;9.6;0;0;0
25.401;6.254;0.53;6.75;11.8;5958;28.7;-75.3;9.5;0;0;0
25.43;4.13;0.35;4.79;11.8;5981;28.7;-75.3;9.6;0;0;0
25.451;3.894;0.33;4.53;11.8;5994;28.7;-75.1;9.6;0;0;0
25.471;3.776;0.32;4.43;11.8;5996;28.7;-74.9;9.6;0;0;0
25.493;4.012;0.34;4.54;11.8;5998;28.7;-74.9;9.2;0;0;0
25.523;4.72;0.4;5.34;11.8;5983;28.7;-74.9;9.5;0;0;0
25.544;4.248;0.36;4.87;11.8;5989;28.8;-75;9.4;0;0;0
25.563;4.012;0.34;4.57;11.8;5995;28.7;-75.2;9.5;0;0;0
25.587;3.776;0.32;4.41;11.8;5995;28.7;-75.4;9.8;0;0;0
25.619;5.074;0.43;5.56;11.8;5982;28.7;-75;9.4;0;0;0
25.638;3.54;0.3;4.31;11.8;5997;28.7;-75;9.5;0;0;0
25.657;3.422;0.29;4.09;11.8;6003;28.7;-75;9.5;0;0;0
25.68;3.658;0.31;4.28;11.8;6006;28.7;-74.9;9.5;0;0;0
25.711;4.838;0.41;5.34;11.8;5979;28.7;-74.9;9.6;0;0;0
25.731;4.956;0.42;5.55;11.8;5981;28.7;-74.8;9.6;0;0;0
25.752;4.484;0.38;5.13;11.8;5977;28.7;-74.8;9.6;0;0;0
25.777;4.13;0.35;4.78;11.8;5991;28.7;-75;9.5;0;0;0
25.807;4.13;0.35;4.63;11.8;5988;28.7;-75.1;9.4;0;0;0
25.83;5.664;0.48;6.24;11.8;5966;28.7;-75.2;9.6;0;0;0
25.848;4.72;0.4;5.33;11.8;5974;28.7;-74.9;9.4;0;0;0
25.871;3.658;0.31;4.41;11.8;5989;28.7;-74.7;9.7;0;0;0
25.899;3.422;0.29;4.06;11.8;6006;28.7;-74.6;9.1;0;0;0
25.919;3.894;0.33;4.56;11.8;6006;28.7;-74.5;9.5;0;0;0
25.94;4.13;0.35;4.71;11.8;6001;28.7;-74.9;9.4;0;0;0
25.962;4.72;0.4;5.27;11.8;5986;28.7;-74.9;9.4;0;0;0
25.993;4.012;0.34;4.65;11.8;6001;28.7;-75.5;9.3;0;0;0
26.012;4.012;0.34;4.68;11.8;5998;28.7;-76;9.6;0;0;0
26.033;21.594;1.83;16.54;11.8;6248;28.7;-75.7;11.8;0;0;0
26.055;15.576;1.32;14.28;11.8;6252;28.7;-75.6;10.5;0;0;0
26.087;4.956;0.42;5.21;11.8;6400;28.7;-75.2;10.4;0;0;0
26.109;-0.59;-0.05;-0.68;11.8;6506;28.7;-75.1;10;0;0;0
26.129;3.068;0.26;3.47;11.8;6511;28.7;-74.9;10.1;0;0;0
26.152;4.248;0.36;4.62;11.8;6511;28.8;-74.9;10.3;0;0;0
26.18;4.366;0.37;4.68;11.8;6508;28.7;-74.8;10.3;0;0;0
26.2;4.13;0.35;4.43;11.8;6514;28.7;-74.8;10;0;0;0
26.22;4.484;0.38;4.82;11.8;6500;28.8;-74.9;10;0;0;0
26.244;6.608;0.56;6.74;11.8;6466;28.7;-74.9;10.2;0;0;0
26.273;4.838;0.41;5.1;11.8;6480;28.8;-75.3;10;0;0;0
26.293;4.72;0.4;5.04;11.8;6484;28.8;-75.5;9.9;0;0;0
26.313;4.366;0.37;4.66;11.8;6494;28.8;-75.4;9.9;0;0;0
26.337;4.248;0.36;4.59;11.8;6497;28.8;-75.2;10;0;0;0
26.368;5.31;0.45;5.56;11.8;6468;28.8;-76;10.5;0;0;0
26.389;6.254;0.53;6.45;11.8;6472;28.8;-76.1;10.3;0;0;0
26.41;4.248;0.36;4.46;11.8;6484;28.8;-75.9;10;0;0;0
26.438;4.838;0.41;5.14;11.8;6468;28.8;-75.7;10.5;0;0;0
26.462;5.428;0.46;5.72;11.8;6475;28.8;-76;10.4;0;0;0
26.485;4.366;0.37;4.7;11.8;6486;28.8;-75.8;10.1;0;0;0
26.505;4.602;0.39;4.92;11.8;6484;28.8;-75.5;10.5;0;0;0
26.524;5.192;0.44;5.34;11.8;6477;28.8;-75.5;10.3;0;0;0
26.556;5.546;0.47;5.8;11.8;6471;28.8;-75.6;10.1;0;0;0
26.575;4.484;0.38;4.82;11.8;6484;28.8;-75.5;10.3;0;0;0
26.597;4.484;0.38;4.76;11.8;6486;28.8;-75.9;10.2;0;0;0
26.618;4.248;0.36;4.66;11.8;6498;28.8;-75.8;10;0;0;0
26.648;5.428;0.46;5.67;11.8;6476;28.8;-75.9;10.3;0;0;0
26.669;4.484;0.38;4.74;11.8;6492;28.8;-75.9;10;0;0;0
26.689;3.894;0.33;4.31;11.8;6504;28.8;-75.6;10;0;0;0
26.713;4.248;0.36;4.62;11.8;6506;28.8;-75.8;10.3;0;0;0
26.742;4.484;0.38;4.78;11.8;6497;28.8;-76;10.3;0;0;0
26.762;5.192;0.44;5.51;11.8;6489;28.8;-75.9;10.5;0;0;0
26.782;4.956;0.42;5.2;11.8;6483;28.8;-75.9;10.4;0;0;0
26.806;4.956;0.42;5.27;11.8;6488;28.8;-75.8;10.2;0;0;0
26.837;6.136;0.52;6.28;11.8;6445;28.8;-75.7;10.8;0;0;0
26.856;6.49;0.55;6.6;11.8;6452;28.8;-75.7;10.5;0;0;0
26.876;5.074;0.43;5.31;11.8;6459;28.8;-75.5;10.4;0;0;0
26.899;4.484;0.38;4.88;11.8;6482;28.8;-75.3;10.3;0;0;0
26.932;4.248;0.36;4.51;11.8;6492;28.8;-75.4;10;0;0;0
26.953;4.248;0.36;4.63;11.8;6499;28.8;-75.5;10.1;0;0;0
26.973;4.366;0.37;4.67;11.8;6504;28.8;-75.6;10.2;0;0;0
26.996;4.012;0.34;4.38;11.8;6510;28.8;-75.6;10.3;0;0;0
27.023;4.484;0.38;4.81;11.8;6497;28.8;-75.3;10.4;0;0;0
27.044;5.9;0.5;6.11;11.8;6480;28.8;-75.3;10.5;0;0;0
27.064;4.956;0.42;5.17;11.8;6488;28.8;-75.1;10.1;0;0;0
27.087;4.366;0.37;4.72;11.8;6493;28.8;-74.8;10.1;0;0;0
27.121;4.602;0.39;4.89;11.8;6496;28.8;-74.8;10.3;0;0;0
27.141;6.372;0.54;6.45;11.8;6463;28.8;-75.1;10.7;0;0;0
27.166;5.782;0.49;5.93;11.8;6464;28.8;-75.6;10.2;0;0;0
27.187;4.484;0.38;4.88;11.8;6480;28.8;-75.8;10.3;0;0;0
27.21;4.484;0.38;4.79;11.8;6493;28.8;-75.9;10.1;0;0;0
27.233;4.956;0.42;5.24;11.8;6476;28.8;-75.8;10.3;0;0;0
27.259;5.31;0.45;5.57;11.8;6484;28.8;-75.7;10.2;0;0;0
27.278;4.484;0.38;4.82;11.8;6493;28.8;-75.7;10.3;0;0;0
27.3;3.658;0.31;4.13;11.8;6505;28.8;-75.8;10.4;0;0;0
27.323;4.13;0.35;4.49;11.8;6509;28.8;-75.5;10.1;0;0;0
27.352;4.838;0.41;5.05;11.8;6493;28.8;-75.5;10.4;0;0;0
27.375;5.664;0.48;5.88;11.8;6479;28.8;-75.4;10.3;0;0;0
27.395;4.602;0.39;4.99;11.8;6491;28.8;-75.6;10.2;0;0;0
27.417;4.72;0.4;4.99;11.8;6491;28.8;-75.7;10.2;0;0;0
27.448;6.372;0.54;6.56;11.8;6447;28.8;-75.3;10.7;0;0;0
27.469;5.192;0.44;5.42;11.8;6469;28.8;-75.3;10.4;0;0;0
27.491;4.248;0.36;4.64;11.8;6494;28.8;-75.4;10.3;0;0;0
27.513;4.13;0.35;4.48;11.8;6502;28.8;-75.6;10.2;0;0;0
27.541;4.248;0.36;4.54;11.8;6500;28.8;-75.9;10.5;0;0;0
27.562;5.192;0.44;5.41;11.8;6492;28.8;-75.8;10.3;0;0;0
27.583;4.484;0.38;4.87;11.8;6498;28.8;-75.5;10.1;0;0;0
27.605;4.366;0.37;4.7;11.8;6502;28.8;-75.3;10.3;0;0;0
27.634;5.074;0.43;5.3;11.8;6479;28.8;-75.2;10.6;0;0;0
27.653;5.9;0.5;6.11;11.8;6475;28.8;-75;10.6;0;0;0
27.673;4.484;0.38;4.83;11.8;6489;28.8;-74.8;10.3;0;0;0
27.697;4.602;0.39;4.83;11.8;6492;28.8;-75;10;0;0;0
27.729;4.72;0.4;4.99;11.8;6493;28.8;-75.3;10.2;0;0;0
27.748;5.782;0.49;5.94;11.8;6474;28.8;-75.2;10.3;0;0;0
27.768;5.428;0.46;5.69;11.8;6476;28.8;-75;10.2;0;0;0
27.79;4.602;0.39;4.92;11.8;6487;28.8;-75.2;10;0;0;0
27.822;4.602;0.39;4.92;11.8;6488;28.8;-75.3;10.2;0;0;0
27.841;6.372;0.54;6.53;11.8;6463;28.8;-75.4;10.6;0;0;0
27.863;5.664;0.48;5.94;11.8;6473;28.8;-75.3;10.3;0;0;0
27.885;4.366;0.37;4.66;11.8;6488;28.8;-75.5;10.3;0;0;0
27.918;4.484;0.38;4.8;11.8;6497;28.8;-75.7;10.3;0;0;0
27.94;4.248;0.36;4.5;11.8;6505;28.8;-75.7;10;0;0;0
27.96;4.248;0.36;4.65;11.8;6509;28.8;-75.6;10.1;0;0;0
27.982;4.484;0.38;4.75;11.8;6504;28.8;-75.6;10.2;0;0;0
28.009;4.366;0.37;4.72;11.8;6506;28.8;-75.4;10.2;0;0;0
28.028;4.72;0.4;5.02;11.8;6494;28.8;-75.4;10.2;0;0;0
28.047;21.476;1.82;15.69;11.8;6779;28.8;-75.3;12.3;0;0;0
28.071;16.166;1.37;13.74;11.8;6810;28.8;-75.1;10.1;0;0;0
28.103;5.546;0.47;5.39;11.8;6896;28.8;-74.6;10.7;0;0;0
28.122;4.956;0.42;4.88;11.8;6950;28.8;-74.6;10.3;0;0;0
28.142;4.602;0.39;4.67;11.8;6977;28.8;-74.3;11;0;0;0
28.168;2.006;0.17;2.44;11.8;7046;28.8;-74.3;10.3;0;0;0
28.198;2.596;0.22;2.87;11.8;7048;28.8;-74.4;10.7;0;0;0
28.221;5.192;0.44;5.18;11.8;7008;28.8;-74.5;11.3;0;0;0
28.243;5.664;0.48;5.57;11.8;7010;28.8;-74.5;10.8;0;0;0
28.265;4.72;0.4;4.8;11.8;7014;28.8;-74.4;10.9;0;0;0
28.292;4.956;0.42;4.93;11.8;7002;28.8;-74.6;11.1;0;0;0
28.311;6.136;0.52;5.84;11.8;6981;28.8;-74.5;10.9;0;0;0
28.332;7.906;0.67;7.48;11.8;6938;28.8;-74.3;11.5;0;0;0
28.355;6.844;0.58;6.56;11.8;6961;28.8;-74.4;10.8;0;0;0
28.384;5.192;0.44;5.08;11.8;6972;28.8;-74.8;11;0;0;0
28.404;6.726;0.57;6.38;11.8;6952;28.9;-75;11;0;0;0
28.424;6.372;0.54;6.17;11.8;6961;28.8;-75.1;10.9;0;0;0
28.447;5.192;0.44;5.09;11.8;6977;28.8;-74.8;10.8;0;0;0
28.481;4.956;0.42;4.95;11.8;6988;28.8;-74.9;11.1;0;0;0
28.501;5.31;0.45;5.22;11.8;6993;28.8;-74.7;11;0;0;0
28.527;4.956;0.42;4.94;11.8;6998;28.8;-74.8;10.6;0;0;0
28.552;4.484;0.38;4.6;11.8;7007;28.8;-74.7;10.6;0;0;0
28.573;4.838;0.41;4.84;11.8;7001;28.8;-75.1;11.2;0;0;0
28.593;7.08;0.6;6.74;11.8;6962;28.8;-74.8;11.3;0;0;0
28.615;6.962;0.59;6.62;11.8;6973;28.8;-75;10.6;0;0;0
28.635;5.074;0.43;5.07;11.8;6980;28.8;-75.1;11.1;0;0;0
28.669;4.72;0.4;4.74;11.8;6993;28.9;-75.7;11.1;0;0;0
28.689;5.428;0.46;5.27;11.8;6982;28.9;-75.7;10.9;0;0;0
28.711;6.372;0.54;6.18;11.8;6982;28.8;-75.3;11.2;0;0;0
28.731;4.956;0.42;4.91;11.8;6993;28.8;-75.3;10.9;0;0;0
28.76;4.838;0.41;4.87;11.8;6997;28.8;-75.5;11;0;0;0
28.782;6.372;0.54;6.11;11.8;6978;28.8;-75.4;10.9;0;0;0
28.803;6.49;0.55;6.22;11.8;6974;28.8;-75.3;10.7;0;0;0
28.827;5.192;0.44;5.1;11.8;6981;28.9;-75.4;10.8;0;0;0
28.854;5.074;0.43;5.13;11.8;6989;28.8;-75.4;10.9;0;0;0
28.873;5.31;0.45;5.19;11.8;6990;28.8;-75.2;11.1;0;0;0
28.895;5.782;0.49;5.59;11.8;6981;28.8;-75.2;10.9;0;0;0
28.918;5.782;0.49;5.72;11.8;6985;28.8;-75.1;11.2;0;0;0
28.947;4.956;0.42;4.95;11.8;6992;28.9;-75.2;10.9;0;0;0
28.97;6.608;0.56;6.37;11.8;6972;28.9;-75.5;11.2;0;0;0
28.993;5.782;0.49;5.64;11.8;6977;28.8;-75.6;10.9;0;0;0
29.014;4.838;0.41;4.91;11.8;6991;28.9;-75.6;11;0;0;0
29.041;5.074;0.43;5.07;11.8;6996;28.9;-75.8;10.8;0;0;0
29.065;6.726;0.57;6.41;11.8;6967;28.9;-75.8;11.1;0;0;0
29.09;5.9;0.5;5.85;11.8;6979;28.9;-76.1;11.1;0;0;0
29.113;4.838;0.41;4.78;11.8;6988;28.9;-75.9;10.8;0;0;0
29.135;5.074;0.43;5.04;11.8;6990;28.9;-76;11;0;0;0
29.155;6.49;0.55;6.22;11.8;6981;28.9;-76.1;10.8;0;0;0
29.176;4.838;0.41;4.92;11.8;6997;28.9;-76.1;10.8;0;0;0
29.2;4.366;0.37;4.49;11.8;7003;28.9;-76.4;10.9;0;0;0
29.228;5.31;0.45;5.25;11.8;7001;28.9;-76;11.1;0;0;0
29.248;5.074;0.43;5.02;11.8;7002;28.9;-75.8;10.7;0;0;0
29.269;4.956;0.42;4.94;11.8;7000;28.9;-75.6;11.2;0;0;0
29.293;5.192;0.44;5.11;11.8;7003;28.9;-75.5;10.9;0;0;0
29.321;5.074;0.43;5.03;11.8;6999;28.9;-75.4;10.7;0;0;0
29.341;6.844;0.58;6.63;11.8;6974;28.9;-75.3;11.3;0;0;0
29.364;5.428;0.46;5.33;11.8;6982;28.9;-75.3;10.8;0;0;0
29.386;5.9;0.5;5.71;11.8;6983;28.9;-75.3;10.6;0;0;0
29.419;5.31;0.45;5.29;11.8;6984;28.8;-75.1;10.8;0;0;0
29.442;7.08;0.6;6.71;11.8;6956;28.9;-75;11;0;0;0
29.463;6.372;0.54;6.27;11.8;6971;28.9;-74.8;10.9;0;0;0
29.487;4.838;0.41;4.83;11.8;6982;28.9;-74.9;10.9;0;0;0
29.509;5.074;0.43;5.02;11.8;6983;28.9;-75.1;11;0;0;0
29.529;6.49;0.55;6.23;11.8;6975;28.9;-75;11.1;0;0;0
29.55;5.31;0.45;5.19;11.8;6991;28.9;-74.9;10.8;0;0;0
29.572;4.602;0.39;4.63;11.8;6999;28.9;-75;11;0;0;0
29.604;5.192;0.44;5.14;11.8;6997;28.9;-75.4;11.2;0;0;0
29.624;5.31;0.45;5.18;11.8;6997;28.9;-75.6;10.7;0;0;0
29.646;5.074;0.43;5.07;11.8;7001;28.9;-75.8;10.7;0;0;0
29.669;4.72;0.4;4.82;11.8;7003;28.9;-75.6;11.1;0;0;0
29.697;5.192;0.44;5.17;11.8;6993;28.9;-75.4;10.9;0;0;0
29.718;7.552;0.64;7.12;11.8;6971;28.9;-75.5;11.1;0;0;0
29.74;5.546;0.47;5.47;11.8;6979;28.9;-75.5;11.3;0;0;0
29.762;4.72;0.4;4.74;11.8;6993;28.9;-75.4;11;0;0;0
29.792;5.074;0.43;5.04;11.8;6998;28.9;-75.3;10.8;0;0;0
29.812;6.018;0.51;5.88;11.8;6983;28.9;-75.7;11.3;0;0;0
29.834;5.31;0.45;5.21;11.8;6991;28.9;-75.8;10.7;0;0;0
29.854;4.838;0.41;4.85;11.8;7000;28.9;-75.8;11;0;0;0
29.885;5.192;0.44;5.16;11.8;6995;28.9;-75.4;11.1;0;0;0
29.906;6.844;0.58;6.55;11.8;6977;28.9;-75.4;11.4;0;0;0
29.926;4.838;0.41;4.83;11.8;6986;28.9;-75.4;10.9;0;0;0
29.948;5.31;0.45;5.29;11.8;6995;28.9;-75.2;10.7;0;0;0
29.978;5.428;0.46;5.32;11.8;6989;28.9;-75.1;10.9;0;0;0
30.001;5.782;0.49;5.67;11.8;6979;28.9;-75.2;11;0;0;0
30.022;6.254;0.53;6.06;11.8;6978;28.9;-75.1;10.9;0;0;0