ms_today;input_voltage;temp_mos_max;temp_mos_1;temp_mos_2;temp_mos_3;temp_motor;current_motor;current_in;d_axis_current;q_axis_current;erpm;duty_cycle;amp_hours_used;amp_hours_charged;watt_hours_used;watt_hours_charged;tachometer;tachometer_abs;encoder_position;fault_code;vesc_id;d_axis_voltage;q_axis_voltage;ms_today_setup;amp_hours_setup;amp_hours_charged_setup;watt_hours_setup;watt_hours_charged_setup;battery_level;battery_wh_tot;current_in_setup;current_motor_setup;speed_meters_per_sec;tacho_meters;tacho_abs_meters;num_vescs;ms_today_imu;roll;pitch;yaw;accX;accY;accZ;gyroX;gyroY;gyroZ;gnss_posTime;gnss_lat;gnss_lon;gnss_alt;gnss_gVel;gnss_vVel;gnss_hAcc;gnss_vAcc;
72242739;11.8;28.5;0;0;0;-75.2;0;0;0;0;0;-0.001;0.0231;0;0.2735;0.0003;89548;89754;44.9589;0;101;0.003;-0.002;72242649;0.0231;0;0.2735;0.0003;0.693;39.258;0;0;0;185.316;185.742;1;-1;0;0;0;0;0;0;0;0;0;-1;0.00000000;0.00000000;0.00000000;0.00000000;0.00000000;0.00000000;0.00000000;
72242771;11.8;28.5;0;0;0;-74.8;0;0;0;0;0;-0.001;0.0231;0;0.2735;0.0003;89548;89754;45;0;101;0.003;-0.002;72242739;0.0231;0;0.2735;0.0003;0.693;39.258;0;0;0;185.316;185.742;1;-1;0;0;0;0;0;0;0;0;0;-1;0.00000000;0.00000000;0.00000000;0.00000000;0.00000000;0.00000000;0.00000000;
72242805;11.8;28.5;0;0;0;-74.6;0;0;0;0;0;0;0.0231;0;0.2735;0.0003;89548;89754;44.9794;0;101;0.003;-0.002;72242771;0.0231;0;0.2735;0.0003;0.693;39.258;0;0;0;185.316;185.742;1;-1;0;0;0;0;0;0;0;0;0;-1;0.00000000;0.00000000;0.00000000;0.00000000;0.00000000;0.00000000;0.00000000;
72242833;11.8;28.5;0;0;0;-74.8;0;0;0;0;0;0;0.0231;0;0.2735;0.0003;89548;89754;45;0;101;0.003;-0.002;72242805;0.0231;0;0.2735;0.0003;0.693;39.259;0;0;0;185.316;185.742;1;-1;0;0;0;0;0;0;0;0;0;-1;0.00000000;0.00000000;0.00000000;0.00000000;0.00000000;0.00000000;0.00000000;
72242863;11.8;28.5;0;0;0;-75.1;0;0;0;0;0;0;0.0231;0;0.2735;0.0003;89548;89754;45.0237;0;101;0.003;-0.001;72242833;0.0231;0;0.2735;0.0003;0.693;39.259;0;0;0;185.316;185.742;1;-1;0;0;0;0;0;0;0;0;0;-1;0.00000000;0.00000000;0.00000000;0.00000000;0.00000000;0.00000000;0.00000000;
72242896;11.8;28.5;0;0;0;-75.3;0;0;0;0;0;0;0.0231;0;0.2735;0.0003;89548;89754;44.9863;0;101;0.003;-0.002;72242863;0.0231;0;0.2735;0.0003;0.693;39.259;0;0;0;185.316;185.742;1;-1;0;0;0;0;0;0;0;0;0;-1;0.00000000;0.00000000;0.00000000;0.00000000;0.00000000;0.00000000;0.00000000;
72242927;11.8;28.5;0;0;0;-75.6;0;0;0;0;0;0;0.0231;0;0.2735;0.0003;89548;89754;44.9589;0;101;0.003;-0.001;72242896;0.0231;0;0.2735;0.0003;0.693;39.259;0;0;0;185.316;185.742;1;-1;0;0;0;0;0;0;0;0;0;-1;0.00000000;0.00000000;0.00000000;0.00000000;0.00000000;0.00000000;0.00000000;
72242957;11.8;28.5;0;0;0;-75.2;0;0;0;0;0;0;0.0231;0;0.2735;0.0003;89548;89754;44.9932;0;101;0.003;-0.002;72242928;0.0231;0;0.2735;0.0003;0.693;39.26;0;0;0;185.316;185.742;1;-1;0;0;0;0;0;0;0;0;0;-1;0.00000000;0.00000000;0.00000000;0.00000000;0.00000000;0.00000000;0.00000000;
72242989;11.8;28.5;0;0;0;-74.8;0;0;0;0;0;0;0.0231;0;0.2735;0.0003;89548;89754;44.9805;0;101;0.003;-0.002;72242958;0.0231;0;0.2735;0.0003;0.693;39.26;0;0;0;185.316;185.742;1;-1;0;0;0;0;0;0;0;0;0;-1;0.00000000;0.00000000;0.00000000;0.00000000;0.00000000;0.00000000;0.00000000;
72243020;11.8;28.5;0;0;0;-74.8;0;0;0;0;0;0;0.0231;0;0.2735;0.0003;89548;89754;45;0;101;0.003;-0.002;72242989;0.0231;0;0.2735;0.0003;0.693;39.261;0;0;0;185.316;185.742;1;-1;0;0;0;0;0;0;0;0;0;-1;0.00000000;0.00000000;0.00000000;0.00000000;0.00000000;0.00000000;0.00000000;
72243052;11.8;28.5;0;0;0;-75.2;0;0;0;0;0;0;0.0231;0;0.2735;0.0003;89548;89754;44.9658;0;101;0.003;-0.002;72243022;0.0231;0;0.2735;0.0003;0.693;39.261;0;0;0;185.316;185.742;1;-1;0;0;0;0;0;0;0;0;0;-1;0.00000000;0.00000000;0.00000000;0.00000000;0.00000000;0.00000000;0.00000000;
72243082;11.8;28.5;0;0;0;-75.5;0;0;0;0;0;0;0.0231;0;0.2735;0.0003;89548;89754;44.9903;0;101;0.003;-0.002;72243052;0.0231;0;0.2735;0.0003;0.693;39.262;0;0;0;185.316;185.742;1;-1;0;0;0;0;0;0;0;0;0;-1;0.00000000;0.00000000;0.00000000;0.00000000;0.00000000;0.00000000;0.00000000;
72243116;11.8;28.5;0;0;0;-75.7;0;0;0;0;0;0;0.0231;0;0.2735;0.0003;89548;89754;44.9913;0;101;0.004;-0.001;72243082;0.0231;0;0.2735;0.0003;0.693;39.262;0;0;0;185.316;185.742;1;-1;0;0;0;0;0;0;0;0;0;-1;0.00000000;0.00000000;0.00000000;0.00000000;0.00000000;0.00000000;0.00000000;
72243149;11.8;28.5;0;0;0;-75.8;0;0;0;0;0;0;0.0231;0;0.2735;0.0003;89548;89754;45;0;101;0.003;-0.002;72243116;0.0231;0;0.2735;0.0003;0.693;39.262;0;0;0;185.316;185.742;1;-1;0;0;0;0;0;0;0;0;0;-1;0.00000000;0.00000000;0.00000000;0.00000000;0.00000000;0.00000000;0.00000000;
72243183;11.8;28.5;0;0;0;-76.1;0;0;0;0;0;0;0.0231;0;0.2735;0.0003;89548;89754;45.0079;0;101;0.003;-0.002;72243149;0.0231;0;0.2735;0.0003;0.693;39.263;0;0;0;185.316;185.742;1;-1;0;0;0;0;0;0;0;0;0;-1;0.00000000;0.00000000;0.00000000;0.00000000;0.00000000;0.00000000;0.00000000;
72243215;11.8;28.5;0;0;0;-76.1;0;0;0;0;0;0;0.0231;0;0.2735;0.0003;89548;89754;44.9794;0;101;0.003;-0.002;72243183;0.0231;0;0.2735;0.0003;0.693;39.263;0;0;0;185.316;185.742;1;-1;0;0;0;0;0;0;0;0;0;-1;0.00000000;0.00000000;0.00000000;0.00000000;0.00000000;0.00000000;0.00000000;
72243248;11.8;28.5;0;0;0;-76;0;0;0;0;0;0;0.0231;0;0.2735;0.0003;89548;89754;45;0;101;0.003;-0.002;72243215;0.0231;0;0.2735;0.0003;0.693;39.263;0;0;0;185.316;185.742;1;-1;0;0;0;0;0;0;0;0;0;-1;0.00000000;0.00000000;0.00000000;0.00000000;0.00000000;0.00000000;0.00000000;
72243282;11.8;28.5;0;0;0;-75.9;0;0;0;0;0;0;0.0231;0;0.2735;0.0003;89548;89754;44.9794;0;101;0.003;-0.002;72243249;0.0231;0;0.2735;0.0003;0.693;39.263;0;0;0;185.316;185.742;1;-1;0;0;0;0;0;0;0;0;0;-1;0.00000000;0.00000000;0.00000000;0.00000000;0.00000000;0.00000000;0.00000000;
72243302;11.8;28.5;0;0;0;-75.9;0;0;0;0;0;0;0.0231;0;0.2735;0.0003;89548;89754;44.9726;0;101;0.003;-0.001;72243283;0.0231;0;0.2735;0.0003;0.693;39.263;0;0;0;185.316;185.742;1;-1;0;0;0;0;0;0;0;0;0;-1;0.00000000;0.00000000;0.00000000;0.00000000;0.00000000;0.00000000;0.00000000;
72243336;11.8;28.5;0;0;0;-76;0;0;0;0;0;0;0.0231;0;0.2735;0.0003;89548;89754;44.9286;0;101;0.003;-0.002;72243303;0.0231;0;0.2735;0.0003;0.693;39.264;0;0;0;185.316;185.742;1;-1;0;0;0;0;0;0;0;0;0;-1;0.00000000;0.00000000;0.00000000;0.00000000;0.00000000;0.00000000;0.00000000;
72243366;11.8;28.5;0;0;0;-76.2;0;0;0;0;0;0;0.0231;0;0.2735;0.0003;89548;89754;44.9589;0;101;0.003;-0.002;72243336;0.0231;0;0.2735;0.0003;0.693;39.264;0;0;0;185.316;185.742;1;-1;0;0;0;0;0;0;0;0;0;-1;0.00000000;0.00000000;0.00000000;0.00000000;0.00000000;0.00000000;0.00000000;
72243400;11.8;28.5;0;0;0;-75.4;0;0;0;0;0;0;0.0231;0;0.2735;0.0003;89548;89754;45;0;101;0.003;-0.002;72243367;0.0231;0;0.2735;0.0003;0.693;39.265;0;0;0;185.316;185.742;1;-1;0;0;0;0;0;0;0;0;0;-1;0.00000000;0.00000000;0.00000000;0.00000000;0.00000000;0.00000000;0.00000000;
72243432;11.8;28.5;0;0;0;-75.5;0;0;0;0;0;0;0.0231;0;0.2735;0.0003;89548;89754;45;0;101;0.003;-0.002;72243400;0.0231;0;0.2735;0.0003;0.693;39.265;0;0;0;185.316;185.742;1;-1;0;0;0;0;0;0;0;0;0;-1;0.00000000;0.00000000;0.00000000;0.00000000;0.00000000;0.00000000;0.00000000;
72243466;11.8;28.5;0;0;0;-75.8;0;0;0;0;0;0;0.0231;0;0.2735;0.0003;89548;89754;44.9423;0;101;0.003;-0.002;72243432;0.0231;0;0.2735;0.0003;0.693;39.265;0;0;0;185.316;185.742;1;-1;0;0;0;0;0;0;0;0;0;-1;0.00000000;0.00000000;0.00000000;0.00000000;0.00000000;0.00000000;0.00000000;
72243498;11.8;28.5;0;0;0;-76.1;0;0;0;0;0;0;0.0231;0;0.2735;0.0003;89548;89754;44.9863;0;101;0.003;-0.001;72243466;0.0231;0;0.2735;0.0003;0.693;39.265;0;0;0;185.316;185.742;1;-1;0;0;0;0;0;0;0;0;0;-1;0.00000000;0.00000000;0.00000000;0.00000000;0.00000000;0.00000000;0.00000000;
72243532;11.8;28.5;0;0;0;-76.2;0;0;0;0;0;0;0.0231;0;0.2735;0.0003;89548;89754;44.9794;0;101;0.003;-0.002;72243498;0.0231;0;0.2735;0.0003;0.693;39.266;0;0;0;185.316;185.742;1;-1;0;0;0;0;0;0;0;0;0;-1;0.00000000;0.00000000;0.00000000;0.00000000;0.00000000;0.00000000;0.00000000;
72243552;11.8;28.5;0;0;0;-75.9;0;0;0;0;0;0;0.0231;0;0.2735;0.0003;89548;89754;45;0;101;0.004;-0.002;72243533;0.0231;0;0.2735;0.0003;0.693;39.266;0;0;0;185.316;185.742;1;-1;0;0;0;0;0;0;0;0;0;-1;0.00000000;0.00000000;0.00000000;0.00000000;0.00000000;0.00000000;0.00000000;
72243581;11.8;28.5;0;0;0;-75.9;0;0;0;0;0;0;0.0231;0;0.2735;0.0003;89548;89754;45.0039;0;101;0.003;-0.002;72243552;0.0231;0;0.2735;0.0003;0.693;39.267;0;0;0;185.316;185.742;1;-1;0;0;0;0;0;0;0;0;0;-1;0.00000000;0.00000000;0.00000000;0.00000000;0.00000000;0.00000000;0.00000000;
72243616;11.8;28.5;0;0;0;-75.6;0;0;0;0;0;0;0.0231;0;0.2735;0.0003;89548;89754;44.9658;0;101;0.003;-0.002;72243582;0.0231;0;0.2735;0.0003;0.693;39.267;0;0;0;185.316;185.742;1;-1;0;0;0;0;0;0;0;0;0;-1;0.00000000;0.00000000;0.00000000;0.00000000;0.00000000;0.00000000;0.00000000;
72243649;11.8;28.5;0;0;0;-75.7;0;0;0;0;0;0;0.0231;0;0.2735;0.0003;89548;89754;45.0079;0;101;0.003;-0.002;72243616;0.0231;0;0.2735;0.0003;0.693;39.268;0;0;0;185.316;185.742;1;-1;0;0;0;0;0;0;0;0;0;-1;0.00000000;0.00000000;0.00000000;0.00000000;0.00000000;0.00000000;0.00000000;
72243681;11.8;28.5;0;0;0;-75.5;0;0;0;0;0;0;0.0231;0;0.2735;0.0003;89548;89754;44.9531;0;101;0.003;-0.002;72243650;0.0231;0;0.2735;0.0003;0.693;39.268;0;0;0;185.316;185.742;1;-1;0;0;0;0;0;0;0;0;0;-1;0.00000000;0.00000000;0.00000000;0.00000000;0.00000000;0.00000000;0.00000000;
72243716;11.8;28.5;0;0;0;-75.6;0;0;0;0;0;0;0.0231;0;0.2735;0.0003;89548;89754;45;0;101;0.003;-0.002;72243681;0.0231;0;0.2735;0.0003;0.693;39.269;0;0;0;185.316;185.742;1;-1;0;0;0;0;0;0;0;0;0;-1;0.00000000;0.00000000;0.00000000;0.00000000;0.00000000;0.00000000;0.00000000;
72243749;11.8;28.5;0;0;0;-75.2;0;0;0;0;0;0;0.0231;0;0.2735;0.0003;89548;89754;44.9834;0;101;0.003;-0.002;72243716;0.0231;0;0.2735;0.0003;0.693;39.269;0;0;0;185.316;185.742;1;-1;0;0;0;0;0;0;0;0;0;-1;0.00000000;0.00000000;0.00000000;0.00000000;0.00000000;0.00000000;0.00000000;
72243783;11.8;28.5;0;0;0;-75.4;0;0;0;0;0;0;0.0231;0;0.2735;0.0003;89548;89754;45.005;0;101;0.003;-0.001;72243749;0.0231;0;0.2735;0.0003;0.693;39.27;0;0;0;185.316;185.742;1;-1;0;0;0;0;0;0;0;0;0;-1;0.00000000;0.00000000;0.00000000;0.00000000;0.00000000;0.00000000;0.00000000;
72243816;11.8;28.5;0;0;0;-75.5;0;0;0;0;0;-0.001;0.0231;0;0.2735;0.0003;89548;89754;44.9931;0;101;0.003;-0.002;72243783;0.0231;0;0.2735;0.0003;0.693;39.27;0;0;0;185.316;185.742;1;-1;0;0;0;0;0;0;0;0;0;-1;0.00000000;0.00000000;0.00000000;0.00000000;0.00000000;0.00000000;0.00000000;
72243833;11.8;28.5;0;0;0;-75.6;0;0;0;0;0;0;0.0231;0;0.2735;0.0003;89548;89754;44.9795;0;101;0.003;-0.001;72243816;0.0231;0;0.2735;0.0003;0.693;39.271;0;0;0;185.316;185.742;1;-1;0;0;0;0;0;0;0;0;0;-1;0.00000000;0.00000000;0.00000000;0.00000000;0.00000000;0.00000000;0.00000000;
72243901;11.8;28.5;0;0;0;-75.7;0;0;0;0;0;0;0.0231;0;0.2735;0.0003;89548;89754;44.9863;0;101;0.003;-0.002;72243833;0.0231;0;0.2735;0.0003;0.693;39.271;0;0;0;185.316;185.742;1;-1;0;0;0;0;0;0;0;0;0;-1;0.00000000;0.00000000;0.00000000;0.00000000;0.00000000;0.00000000;0.00000000;
72243927;11.8;28.5;0;0;0;-75.7;0;0;0;0;0;0;0.0231;0;0.2735;0.0003;89548;89754;45;0;101;0.003;-0.002;72243901;0.0231;0;0.2735;0.0003;0.693;39.272;0;0;0;185.316;185.742;1;-1;0;0;0;0;0;0;0;0;0;-1;0.00000000;0.00000000;0.00000000;0.00000000;0.00000000;0.00000000;0.00000000;
72243957;11.8;28.5;0;0;0;-75.6;0;0;0;0;0;0;0.0231;0;0.2735;0.0003;89548;89754;44.9942;0;101;0.004;-0.002;72243927;0.0231;0;0.2735;0.0003;0.693;39.274;0;0;0;185.316;185.742;1;-1;0;0;0;0;0;0;0;0;0;-1;0.00000000;0.00000000;0.00000000;0.00000000;0.00000000;0.00000000;0.00000000;
72243988;11.8;28.5;0;0;0;-75.4;0;0;0;0;0;0;0.0231;0;0.2735;0.0003;89548;89754;44.9971;0;101;0.003;-0.001;72243957;0.0231;0;0.2735;0.0003;0.693;39.274;0;0;0;185.316;185.742;1;-1;0;0;0;0;0;0;0;0;0;-1;0.00000000;0.00000000;0.00000000;0.00000000;0.00000000;0.00000000;0.00000000;
72244022;11.8;28.5;0;0;0;-74.8;0;0;0;0;0;0;0.0231;0;0.2735;0.0003;89548;89754;44.959;0;101;0.003;-0.002;72243988;0.0231;0;0.2735;0.0003;0.693;39.275;0;0;0;185.316;185.742;1;-1;0;0;0;0;0;0;0;0;0;-1;0.00000000;0.00000000;0.00000000;0.00000000;0.00000000;0.00000000;0.00000000;
72244052;11.8;28.5;0;0;0;-75.3;0;0;0;0;0;0;0.0231;0;0.2735;0.0003;89548;89754;44.9423;0;101;0.003;-0.001;72244022;0.0231;0;0.2735;0.0003;0.693;39.276;0;0;0;185.316;185.742;1;-1;0;0;0;0;0;0;0;0;0;-1;0.00000000;0.00000000;0.00000000;0.00000000;0.00000000;0.00000000;0.00000000;
72244083;11.8;28.5;0;0;0;-75.1;0;0;0;0;0;-0.001;0.0231;0;0.2735;0.0003;89548;89754;44.9726;0;101;0.004;-0.002;72244052;0.0231;0;0.2735;0.0003;0.693;39.277;0;0;0;185.316;185.742;1;-1;0;0;0;0;0;0;0;0;0;-1;0.00000000;0.00000000;0.00000000;0.00000000;0.00000000;0.00000000;0.00000000;
72244115;11.8;28.5;0;0;0;-75.1;0;0;0;0;0;0;0.0231;0;0.2735;0.0003;89548;89754;45;0;101;0.003;-0.002;72244083;0.0231;0;0.2735;0.0003;0.693;39.278;0;0;0;185.316;185.742;1;-1;0;0;0;0;0;0;0;0;0;-1;0.00000000;0.00000000;0.00000000;0.00000000;0.00000000;0.00000000;0.00000000;
72244149;11.8;28.5;0;0;0;-75.3;0;0;0;0;0;0;0.0231;0;0.2735;0.0003;89548;89754;44.9658;0;101;0.003;-0.002;72244116;0.0231;0;0.2735;0.0003;0.693;39.278;0;0;0;185.316;185.742;1;-1;0;0;0;0;0;0;0;0;0;-1;0.00000000;0.00000000;0.00000000;0.00000000;0.00000000;0.00000000;0.00000000;
72244183;11.8;28.5;0;0;0;-74.9;0;0;0;0;0;0;0.0231;0;0.2735;0.0003;89548;89754;45.0039;0;101;0.003;-0.002;72244150;0.0231;0;0.2735;0.0003;0.693;39.279;0;0;0;185.316;185.742;1;-1;0;0;0;0;0;0;0;0;0;-1;0.00000000;0.00000000;0.00000000;0.00000000;0.00000000;0.00000000;0.00000000;
72244215;11.8;28.5;0;0;0;-74.6;0;0;0;0;0;0;0.0231;0;0.2735;0.0003;89548;89754;44.9931;0;101;0.003;-0.002;72244184;0.0231;0;0.2735;0.0003;0.693;39.279;0;0;0;185.316;185.742;1;-1;0;0;0;0;0;0;0;0;0;-1;0.00000000;0.00000000;0.00000000;0.00000000;0.00000000;0.00000000;0.00000000;
72244265;11.8;28.5;0;0;0;-74.5;0;0;0;0;0;-0.001;0.0231;0;0.2735;0.0003;89548;89754;44.9794;0;101;0.003;-0.002;72244216;0.0231;0;0.2735;0.0003;0.693;39.28;0;0;0;185.316;185.742;1;-1;0;0;0;0;0;0;0;0;0;-1;0.00000000;0.00000000;0.00000000;0.00000000;0.00000000;0.00000000;0.00000000;
72244299;11.8;28.5;0;0;0;-74.3;0;0;0;0;0;0;0.0231;0;0.2735;0.0003;89548;89754;44.9902;0;101;0.003;-0.002;72244265;0.0231;0;0.2735;0.0003;0.693;39.28;0;0;0;185.316;185.742;1;-1;0;0;0;0;0;0;0;0;0;-1;0.00000000;0.00000000;0.00000000;0.00000000;0.00000000;0.00000000;0.00000000;
72244331;11.8;28.5;0;0;0;-74;0;0;0;0;0;0;0.0231;0;0.2735;0.0003;89548;89754;44.8766;0;101;0.003;-0.002;72244299;0.0231;0;0.2735;0.0003;0.693;39.281;0;0;0;185.316;185.742;1;-1;0;0;0;0;0;0;0;0;0;-1;0.00000000;0.00000000;0.00000000;0.00000000;0.00000000;0.00000000;0.00000000;
72244363;11.8;28.5;0;0;0;-73.8;0;0;0;0;0;0;0.0231;0;0.2735;0.0003;89548;89754;44.9834;0;101;0.003;-0.002;72244331;0.0231;0;0.2735;0.0003;0.693;39.282;0;0;0;185.316;185.742;1;-1;0;0;0;0;0;0;0;0;0;-1;0.00000000;0.00000000;0.00000000;0.00000000;0.00000000;0.00000000;0.00000000;
72244396;11.8;28.5;0;0;0;-73.8;0;0;0;0;0;0;0.0231;0;0.2735;0.0003;89548;89754;44.9658;0;101;0.003;-0.002;72244364;0.0231;0;0.2735;0.0003;0.693;39.283;0;0;0;185.316;185.742;1;-1;0;0;0;0;0;0;0;0;0;-1;0.00000000;0.00000000;0.00000000;0.00000000;0.00000000;0.00000000;0.00000000;
72244430;11.8;28.5;0;0;0;-74.4;0;0;0;0;0;0;0.0231;0;0.2735;0.0003;89548;89754;45.0039;0;101;0.004;-0.002;72244397;0.0231;0;0.2735;0.0003;0.693;39.284;0;0;0;185.316;185.742;1;-1;0;0;0;0;0;0;0;0;0;-1;0.00000000;0.00000000;0.00000000;0.00000000;0.00000000;0.00000000;0.00000000;
72244464;11.8;28.5;0;0;0;-74.3;0;0;0;0;0;0;0.0231;0;0.2735;0.0003;89548;89754;45;0;101;0.003;-0.002;72244430;0.0231;0;0.2735;0.0003;0.693;39.284;0;0;0;185.316;185.742;1;-1;0;0;0;0;0;0;0;0;0;-1;0.00000000;0.00000000;0.00000000;0.00000000;0.00000000;0.00000000;0.00000000;
72244497;11.8;28.5;0;0;0;-74.6;0;0;0;0;0;0;0.0231;0;0.2735;0.0003;89548;89754;44.9589;0;101;0.003;-0.002;72244464;0.0231;0;0.2735;0.0003;0.693;39.285;0;0;0;185.316;185.742;1;-1;0;0;0;0;0;0;0;0;0;-1;0.00000000;0.00000000;0.00000000;0.00000000;0.00000000;0.00000000;0.00000000;
72244531;11.8;28.5;0;0;0;-74.6;0;0;0;0;0;0;0.0231;0;0.2735;0.0003;89548;89754;45.0039;0;101;0.004;-0.002;72244498;0.0231;0;0.2735;0.0003;0.693;39.286;0;0;0;185.316;185.742;1;-1;0;0;0;0;0;0;0;0;0;-1;0.00000000;0.00000000;0.00000000;0.00000000;0.00000000;0.00000000;0.00000000;
72244564;11.8;28.5;0;0;0;-74.9;0;0;0;0;0;0;0.0231;0;0.2735;0.0003;89548;89754;44.9697;0;101;0.004;-0.002;72244531;0.0231;0;0.2735;0.0003;0.693;39.286;0;0;0;185.316;185.742;1;-1;0;0;0;0;0;0;0;0;0;-1;0.00000000;0.00000000;0.00000000;0.00000000;0.00000000;0.00000000;0.00000000;
72244598;11.8;28.5;0;0;0;-74.7;0;0;0;0;0;-0.001;0.0231;0;0.2735;0.0003;89548;89754;44.9315;0;101;0.003;-0.002;72244564;0.0231;0;0.2735;0.0003;0.694;39.287;0;0;0;185.316;185.742;1;-1;0;0;0;0;0;0;0;0;0;-1;0.00000000;0.00000000;0.00000000;0.00000000;0.00000000;0.00000000;0.00000000;
72244615;11.8;28.5;0;0;0;-74.5;0;0;0;0;0;0;0.0231;0;0.2735;0.0003;89548;89754;44.9971;0;101;0.003;-0.002;72244599;0.0231;0;0.2735;0.0003;0.694;39.288;0;0;0;185.316;185.742;1;-1;0;0;0;0;0;0;0;0;0;-1;0.00000000;0.00000000;0.00000000;0.00000000;0.00000000;0.00000000;0.00000000;
72244649;11.8;28.5;0;0;0;-74.5;0;0;0;0;0;0;0.0231;0;0.2735;0.0003;89548;89754;44.9971;0;101;0.003;-0.002;72244617;0.0231;0;0.2735;0.0003;0.694;39.288;0;0;0;185.316;185.742;1;-1;0;0;0;0;0;0;0;0;0;-1;0.00000000;0.00000000;0.00000000;0.00000000;0.00000000;0.00000000;0.00000000;
72244682;11.8;28.5;0;0;0;-74.9;0;0;0;0;0;0;0.0231;0;0.2735;0.0003;89548;89754;44.9863;0;101;0.003;-0.002;72244649;0.0231;0;0.2735;0.0003;0.694;39.289;0;0;0;185.316;185.742;1;-1;0;0;0;0;0;0;0;0;0;-1;0.00000000;0.00000000;0.00000000;0.00000000;0.00000000;0.00000000;0.00000000;
72244717;11.8;28.5;0;0;0;-75.2;0;0;0;0;0;0;0.0231;0;0.2735;0.0003;89548;89754;44.9795;0;101;0.003;-0.002;72244682;0.0231;0;0.2735;0.0003;0.694;39.29;0;0;0;185.316;185.742;1;-1;0;0;0;0;0;0;0;0;0;-1;0.00000000;0.00000000;0.00000000;0.00000000;0.00000000;0.00000000;0.00000000;
72244748;11.8;28.5;0;0;0;-75.5;0;0;0;0;0;0;0.0231;0;0.2735;0.0003;89548;89754;44.9971;0;101;0.003;-0.002;72244717;0.0231;0;0.2735;0.0003;0.694;39.29;0;0;0;185.316;185.742;1;-1;0;0;0;0;0;0;0;0;0;-1;0.00000000;0.00000000;0.00000000;0.00000000;0.00000000;0.00000000;0.00000000;
72244787;11.8;28.5;0;0;0;-75.7;0;0;0;0;0;0;0.0231;0;0.2735;0.0003;89548;89754;44.9726;0;101;0.003;-0.002;72244748;0.0231;0;0.2735;0.0003;0.694;39.291;0;0;0;185.316;185.742;1;-1;0;0;0;0;0;0;0;0;0;-1;0.00000000;0.00000000;0.00000000;0.00000000;0.00000000;0.00000000;0.00000000;
72244830;11.8;28.5;0;0;0;-75.5;0;0;0;0;0;0;0.0231;0;0.2735;0.0003;89548;89754;44.9109;0;101;0.004;-0.002;72244787;0.0231;0;0.2735;0.0003;0.694;39.291;0;0;0;185.316;185.742;1;-1;0;0;0;0;0;0;0;0;0;-1;0.00000000;0.00000000;0.00000000;0.00000000;0.00000000;0.00000000;0.00000000;
72244860;11.8;28.5;0;0;0;-75.3;0;0;0;0;0;-0.001;0.0231;0;0.2735;0.0003;89548;89754;44.9315;0;101;0.003;-0.002;72244830;0.0231;0;0.2735;0.0003;0.694;39.292;0;0;0;185.316;185.742;1;-1;0;0;0;0;0;0;0;0;0;-1;0.00000000;0.00000000;0.00000000;0.00000000;0.00000000;0.00000000;0.00000000;
72244897;11.8;28.5;0;0;0;-75.2;0;0;0;0;0;0;0.0231;0;0.2735;0.0003;89548;89754;44.9931;0;101;0.003;-0.002;72244861;0.0231;0;0.2735;0.0003;0.694;39.293;0;0;0;185.316;185.742;1;-1;0;0;0;0;0;0;0;0;0;-1;0.00000000;0.00000000;0.00000000;0.00000000;0.00000000;0.00000000;0.00000000;
72244924;11.8;28.5;0;0;0;-75.1;0;0;0;0;0;0;0.0231;0;0.2735;0.0003;89548;89754;44.9971;0;101;0.004;-0.002;72244897;0.0231;0;0.2735;0.0003;0.694;39.294;0;0;0;185.316;185.742;1;-1;0;0;0;0;0;0;0;0;0;-1;0.00000000;0.00000000;0.00000000;0.00000000;0.00000000;0.00000000;0.00000000;
72244956;11.8;28.5;0;0;0;-75.1;0;0;0;0;0;0;0.0231;0;0.2735;0.0003;89548;89754;44.9657;0;101;0.003;-0.002;72244924;0.0231;0;0.2735;0.0003;0.694;39.294;0;0;0;185.316;185.742;1;-1;0;0;0;0;0;0;0;0;0;-1;0.00000000;0.00000000;0.00000000;0.00000000;0.00000000;0.00000000;0.00000000;
72244987;11.8;28.5;0;0;0;-74.9;0;0;0;0;0;-0.001;0.0231;0;0.2735;0.0003;89548;89754;44.9286;0;101;0.003;-0.002;72244956;0.0231;0;0.2735;0.0003;0.694;39.295;0;0;0;185.316;185.742;1;-1;0;0;0;0;0;0;0;0;0;-1;0.00000000;0.00000000;0.00000000;0.00000000;0.00000000;0.00000000;0.00000000;
72245018;11.8;28.5;0;0;0;-74.6;0;0;0;0;0;0;0.0231;0;0.2735;0.0003;89548;89754;45;0;101;0.004;-0.001;72244987;0.0231;0;0.2735;0.0003;0.694;39.296;0;0;0;185.316;185.742;1;-1;0;0;0;0;0;0;0;0;0;-1;0.00000000;0.00000000;0.00000000;0.00000000;0.00000000;0.00000000;0.00000000;
72245049;11.8;28.5;0;0;0;-74.6;0;0;0;0;0;0;0.0231;0;0.2735;0.0003;89548;89754;44.9765;0;101;0.003;-0.002;72245019;0.0231;0;0.2735;0.0003;0.694;39.297;0;0;0;185.316;185.742;1;-1;0;0;0;0;0;0;0;0;0;-1;0.00000000;0.00000000;0.00000000;0.00000000;0.00000000;0.00000000;0.00000000;
72245080;11.8;28.5;0;0;0;-74.5;0;0;0;0;0;0;0.0231;0;0.2735;0.0003;89548;89754;44.9794;0;101;0.003;-0.002;72245049;0.0231;0;0.2735;0.0003;0.694;39.297;0;0;0;185.316;185.742;1;-1;0;0;0;0;0;0;0;0;0;-1;0.00000000;0.00000000;0.00000000;0.00000000;0.00000000;0.00000000;0.00000000;
72245114;11.8;28.5;0;0;0;-74.6;0;0;0;0;0;0;0.0231;0;0.2735;0.0003;89548;89754;45.0079;0;101;0.003;-0.002;72245080;0.0231;0;0.2735;0.0003;0.694;39.297;0;0;0;185.316;185.742;1;-1;0;0;0;0;0;0;0;0;0;-1;0.00000000;0.00000000;0.00000000;0.00000000;0.00000000;0.00000000;0.00000000;
72245147;11.8;28.5;0;0;0;-74.6;0;0;0;0;0;0;0.0231;0;0.2735;0.0003;89548;89754;44.9315;0;101;0.003;-0.002;72245114;0.0231;0;0.2735;0.0003;0.694;39.297;0;0;0;185.316;185.742;1;-1;0;0;0;0;0;0;0;0;0;-1;0.00000000;0.00000000;0.00000000;0.00000000;0.00000000;0.00000000;0.00000000;
72245180;11.8;28.5;0;0;0;-74.7;0;0;0;0;0;-0.001;0.0231;0;0.2735;0.0003;89548;89754;44.8835;0;101;0.003;-0.002;72245148;0.0231;0;0.2735;0.0003;0.694;39.298;0;0;0;185.316;185.742;1;-1;0;0;0;0;0;0;0;0;0;-1;0.00000000;0.00000000;0.00000000;0.00000000;0.00000000;0.00000000;0.00000000;
72245214;11.8;28.5;0;0;0;-74.6;0;0;0;0;0;0;0.0231;0;0.2735;0.0003;89548;89754;44.9931;0;101;0.004;-0.001;72245181;0.0231;0;0.2735;0.0003;0.694;39.299;0;0;0;185.316;185.742;1;-1;0;0;0;0;0;0;0;0;0;-1;0.00000000;0.00000000;0.00000000;0.00000000;0.00000000;0.00000000;0.00000000;
72245247;11.8;28.5;0;0;0;-74.4;0;0;0;0;0;-0.001;0.0231;0;0.2735;0.0003;89548;89754;44.9383;0;101;0.003;-0.002;72245214;0.0231;0;0.2735;0.0003;0.694;39.3;0;0;0;185.316;185.742;1;-1;0;0;0;0;0;0;0;0;0;-1;0.00000000;0.00000000;0.00000000;0.00000000;0.00000000;0.00000000;0.00000000;
72245281;11.8;28.5;0;0;0;-74.6;0;0;0;0;0;0;0.0231;0;0.2735;0.0003;89548;89754;45;0;101;0.003;-0.002;72245248;0.0231;0;0.2735;0.0003;0.694;39.3;0;0;0;185.316;185.742;1;-1;0;0;0;0;0;0;0;0;0;-1;0.00000000;0.00000000;0.00000000;0.00000000;0.00000000;0.00000000;0.00000000;
72245314;11.8;28.5;0;0;0;-74.7;0;0;0;0;0;-0.001;0.0231;0;0.2735;0.0003;89548;89754;44.9863;0;101;0.004;-0.002;72245281;0.0231;0;0.2735;0.0003;0.694;39.301;0;0;0;185.316;185.742;1;-1;0;0;0;0;0;0;0;0;0;-1;0.00000000;0.00000000;0.00000000;0.00000000;0.00000000;0.00000000;0.00000000;
72245348;11.8;28.5;0;0;0;-75.4;0;0;0;0;0;0;0.0231;0;0.2735;0.0003;89548;89754;44.9863;0;101;0.003;-0.002;72245314;0.0231;0;0.2735;0.0003;0.694;39.302;0;0;0;185.316;185.742;1;-1;0;0;0;0;0;0;0;0;0;-1;0.00000000;0.00000000;0.00000000;0.00000000;0.00000000;0.00000000;0.00000000;
72245382;11.8;28.5;0;0;0;-74.9;0;0;0;0;0;0;0.0231;0;0.2735;0.0003;89548;89754;44.9902;0;101;0.004;-0.002;72245349;0.0231;0;0.2735;0.0003;0.694;39.302;0;0;0;185.316;185.742;1;-1;0;0;0;0;0;0;0;0;0;-1;0.00000000;0.00000000;0.00000000;0.00000000;0.00000000;0.00000000;0.00000000;
72245416;11.8;28.5;0;0;0;-74.5;0;0;0;0;0;0;0.0231;0;0.2735;0.0003;89548;89754;45;0;101;0.003;-0.002;72245383;0.0231;0;0.2735;0.0003;0.694;39.303;0;0;0;185.316;185.742;1;-1;0;0;0;0;0;0;0;0;0;-1;0.00000000;0.00000000;0.00000000;0.00000000;0.00000000;0.00000000;0.00000000;
72245433;11.8;28.5;0;0;0;-74.4;0;0;0;0;0;0;0.0231;0;0.2735;0.0003;89548;89754;44.9834;0;101;0.003;-0.002;72245416;0.0231;0;0.2735;0.0003;0.694;39.304;0;0;0;185.316;185.742;1;-1;0;0;0;0;0;0;0;0;0;-1;0.00000000;0.00000000;0.00000000;0.00000000;0.00000000;0.00000000;0.00000000;
72245466;11.8;28.5;0;0;0;-74.5;0;0;0;0;0;0;0.0231;0;0.2735;0.0003;89548;89754;44.9589;0;101;0.003;-0.002;72245433;0.0231;0;0.2735;0.0003;0.694;39.305;0;0;0;185.316;185.742;1;-1;0;0;0;0;0;0;0;0;0;-1;0.00000000;0.00000000;0.00000000;0.00000000;0.00000000;0.00000000;0.00000000;
72245515;11.8;28.5;0;0;0;-74.4;0;0;0;0;0;0;0.0231;0;0.2735;0.0003;89548;89754;45.0237;0;101;0.003;-0.002;72245466;0.0231;0;0.2735;0.0003;0.694;39.306;0;0;0;185.316;185.742;1;-1;0;0;0;0;0;0;0;0;0;-1;0.00000000;0.00000000;0.00000000;0.00000000;0.00000000;0.00000000;0.00000000;
72245549;11.8;28.5;0;0;0;-74.2;0;0;0;0;0;-0.001;0.0231;0;0.2735;0.0003;89548;89754;45;0;101;0.003;-0.002;72245515;0.0231;0;0.2735;0.0003;0.694;39.306;0;0;0;185.316;185.742;1;-1;0;0;0;0;0;0;0;0;0;-1;0.00000000;0.00000000;0.00000000;0.00000000;0.00000000;0.00000000;0.00000000;
72245583;11.8;28.5;0;0;0;-74.4;0;0;0;0;0;0;0.0231;0;0.2735;0.0003;89548;89754;44.9913;0;101;0.003;-0.001;72245549;0.0231;0;0.2735;0.0003;0.694;39.307;0;0;0;185.316;185.742;1;-1;0;0;0;0;0;0;0;0;0;-1;0.00000000;0.00000000;0.00000000;0.00000000;0.00000000;0.00000000;0.00000000;
72245614;11.8;28.5;0;0;0;-74.7;0;0;0;0;0;0;0.0231;0;0.2735;0.0003;89548;89754;44.9452;0;101;0.003;-0.002;72245584;0.0231;0;0.2735;0.0003;0.694;39.308;0;0;0;185.316;185.742;1;-1;0;0;0;0;0;0;0;0;0;-1;0.00000000;0.00000000;0.00000000;0.00000000;0.00000000;0.00000000;0.00000000;
72245648;11.8;28.5;0;0;0;-74.6;0;0;0;0;0;0;0.0231;0;0.2735;0.0003;89548;89754;44.9589;0;101;0.003;-0.002;72245614;0.0231;0;0.2735;0.0003;0.694;39.309;0;0;0;185.316;185.742;1;-1;0;0;0;0;0;0;0;0;0;-1;0.00000000;0.00000000;0.00000000;0.00000000;0.00000000;0.00000000;0.00000000;
72245680;11.8;28.5;0;0;0;-74.6;0;0;0;0;0;0;0.0231;0;0.2735;0.0003;89548;89754;45;0;101;0.003;-0.002;72245648;0.0231;0;0.2735;0.0003;0.694;39.31;0;0;0;185.316;185.742;1;-1;0;0;0;0;0;0;0;0;0;-1;0.00000000;0.00000000;0.00000000;0.00000000;0.00000000;0.00000000;0.00000000;
72245715;11.8;28.5;0;0;0;-74.7;0;0;0;0;0;0;0.0231;0;0.2735;0.0003;89548;89754;45.0119;0;101;0.004;-0.002;72245681;0.0231;0;0.2735;0.0003;0.694;39.31;0;0;0;185.316;185.742;1;-1;0;0;0;0;0;0;0;0;0;-1;0.00000000;0.00000000;0.00000000;0.00000000;0.00000000;0.00000000;0.00000000;
72245748;11.8;28.5;0;0;0;-74.8;0;0;0;0;0;0;0.0231;0;0.2735;0.0003;89548;89754;44.9794;0;101;0.004;-0.002;72245715;0.0231;0;0.2735;0.0003;0.694;39.311;0;0;0;185.316;185.742;1;-1;0;0;0;0;0;0;0;0;0;-1;0.00000000;0.00000000;0.00000000;0.00000000;0.00000000;0.00000000;0.00000000;
72245782;11.8;28.5;0;0;0;-75.1;0;0;0;0;0;0;0.0231;0;0.2735;0.0003;89548;89754;45.002;0;101;0.003;-0.002;72245748;0.0231;0;0.2735;0.0003;0.694;39.312;0;0;0;185.316;185.742;1;-1;0;0;0;0;0;0;0;0;0;-1;0.00000000;0.00000000;0.00000000;0.00000000;0.00000000;0.00000000;0.00000000;
72245814;11.8;28.5;0;0;0;-75.3;0;0;0;0;0;0;0.0231;0;0.2735;0.0003;89548;89754;44.9931;0;101;0.003;-0.002;72245782;0.0231;0;0.2735;0.0003;0.694;39.312;0;0;0;185.316;185.742;1;-1;0;0;0;0;0;0;0;0;0;-1;0.00000000;0.00000000;0.00000000;0.00000000;0.00000000;0.00000000;0.00000000;
72245853;11.8;28.5;0;0;0;-74.9;0;0;0;0;0;0;0.0231;0;0.2735;0.0003;89548;89754;44.9394;0;101;0.003;-0.002;72245815;0.0231;0;0.2735;0.0003;0.694;39.313;0;0;0;185.316;185.742;1;-1;0;0;0;0;0;0;0;0;0;-1;0.00000000;0.00000000;0.00000000;0.00000000;0.00000000;0.00000000;0.00000000;
72245867;11.8;28.5;0;0;0;-75;0;0;0;0;0;0;0.0231;0;0.2735;0.0003;89548;89754;44.9452;0;101;0.003;-0.002;72245853;0.0231;0;0.2735;0.0003;0.694;39.314;0;0;0;185.316;185.742;1;-1;0;0;0;0;0;0;0;0;0;-1;0.00000000;0.00000000;0.00000000;0.00000000;0.00000000;0.00000000;0.00000000;
72245900;11.8;28.5;0;0;0;-74.8;0;0;0;0;0;0;0.0231;0;0.2735;0.0003;89548;89754;44.9657;0;101;0.003;-0.002;72245867;0.0231;0;0.2735;0.0003;0.694;39.314;0;0;0;185.316;185.742;1;-1;0;0;0;0;0;0;0;0;0;-1;0.00000000;0.00000000;0.00000000;0.00000000;0.00000000;0.00000000;0.00000000;
72245933;11.8;28.5;0;0;0;-74.5;0;0;0;0;0;-0.001;0.0231;0;0.2735;0.0003;89548;89754;45;0;101;0.003;-0.002;72245900;0.0231;0;0.2735;0.0003;0.694;39.315;0;0;0;185.316;185.742;1;-1;0;0;0;0;0;0;0;0;0;-1;0.00000000;0.00000000;0.00000000;0.00000000;0.00000000;0.00000000;0.00000000;
72245965;11.8;28.5;0;0;0;-74.4;0;0;0;0;0;0;0.0231;0;0.2735;0.0003;89548;89754;45;0;101;0.003;-0.002;72245933;0.0231;0;0.2735;0.0003;0.694;39.316;0;0;0;185.316;185.742;1;-1;0;0;0;0;0;0;0;0;0;-1;0.00000000;0.00000000;0.00000000;0.00000000;0.00000000;0.00000000;0.00000000;
72245999;11.8;28.5;0;0;0;-74.3;0;0;0;0;0;0;0.0231;0;0.2735;0.0003;89548;89754;44.9931;0;101;0.003;-0.002;72245965;0.0231;0;0.2735;0.0003;0.694;39.316;0;0;0;185.316;185.742;1;-1;0;0;0;0;0;0;0;0;0;-1;0.00000000;0.00000000;0.00000000;0.00000000;0.00000000;0.00000000;0.00000000;
72246032;11.8;28.5;0;0;0;-74.6;0;0;0;0;0;0;0.0231;0;0.2735;0.0003;89548;89754;44.9726;0;101;0.003;-0.002;72245999;0.0231;0;0.2735;0.0003;0.694;39.317;0;0;0;185.316;185.742;1;-1;0;0;0;0;0;0;0;0;0;-1;0.00000000;0.00000000;0.00000000;0.00000000;0.00000000;0.00000000;0.00000000;
72246066;11.8;28.5;0;0;0;-75;0;0;0;0;0;0;0.0231;0;0.2735;0.0003;89548;89754;44.9246;0;101;0.003;-0.002;72246033;0.0231;0;0.2735;0.0003;0.694;39.318;0;0;0;185.316;185.742;1;-1;0;0;0;0;0;0;0;0;0;-1;0.00000000;0.00000000;0.00000000;0.00000000;0.00000000;0.00000000;0.00000000;
72246098;11.8;28.5;0;0;0;-75;0;0;0;0;0;0;0.0231;0;0.2735;0.0003;89548;89754;45;0;101;0.004;-0.002;72246067;0.0231;0;0.2735;0.0003;0.694;39.318;0;0;0;185.316;185.742;1;-1;0;0;0;0;0;0;0;0;0;-1;0.00000000;0.00000000;0.00000000;0.00000000;0.00000000;0.00000000;0.00000000;
72246116;11.8;28.5;0;0;0;-74.8;0;0;0;0;0;0;0.0231;0;0.2735;0.0003;89548;89754;44.9697;0;101;0.004;-0.002;72246098;0.0231;0;0.2735;0.0003;0.694;39.318;0;0;0;185.316;185.742;1;-1;0;0;0;0;0;0;0;0;0;-1;0.00000000;0.00000000;0.00000000;0.00000000;0.00000000;0.00000000;0.00000000;
72246149;11.8;28.5;0;0;0;-74.7;0;0;0;0;0;0;0.0231;0;0.2735;0.0003;89548;89754;44.9452;0;101;0.003;-0.002;72246117;0.0231;0;0.2735;0.0003;0.694;39.319;0;0;0;185.316;185.742;1;-1;0;0;0;0;0;0;0;0;0;-1;0.00000000;0.00000000;0.00000000;0.00000000;0.00000000;0.00000000;0.00000000;
72246198;11.8;28.5;0;0;0;-74.9;0;0;0;0;0;-0.001;0.0231;0;0.2735;0.0003;89548;89754;44.9932;0;101;0.003;-0.002;72246150;0.0231;0;0.2735;0.0003;0.694;39.319;0;0;0;185.316;185.742;1;-1;0;0;0;0;0;0;0;0;0;-1;0.00000000;0.00000000;0.00000000;0.00000000;0.00000000;0.00000000;0.00000000;
72246232;11.8;28.5;0;0;0;-74.8;0;0;0;0;0;0;0.0231;0;0.2735;0.0003;89548;89754;44.9452;0;101;0.004;-0.001;72246200;0.0231;0;0.2735;0.0003;0.694;39.32;0;0;0;185.316;185.742;1;-1;0;0;0;0;0;0;0;0;0;-1;0.00000000;0.00000000;0.00000000;0.00000000;0.00000000;0.00000000;0.00000000;
72246250;11.8;28.5;0;0;0;-74.9;0;0;0;0;0;0;0.0231;0;0.2735;0.0003;89548;89754;44.9521;0;101;0.003;-0.002;72246232;0.0231;0;0.2735;0.0003;0.694;39.32;0;0;0;185.316;185.742;1;-1;0;0;0;0;0;0;0;0;0;-1;0.00000000;0.00000000;0.00000000;0.00000000;0.00000000;0.00000000;0.00000000;
72246282;11.8;28.5;0;0;0;-74.5;0;0;0;0;0;0;0.0231;0;0.2735;0.0003;89548;89754;44.9932;0;101;0.003;-0.002;72246250;0.0231;0;0.2735;0.0003;0.694;39.32;0;0;0;185.316;185.742;1;-1;0;0;0;0;0;0;0;0;0;-1;0.00000000;0.00000000;0.00000000;0.00000000;0.00000000;0.00000000;0.00000000;
72246315;11.8;28.5;0;0;0;-74.5;0;0;0;0;0;0;0.0231;0;0.2735;0.0003;89548;89754;44.9863;0;101;0.003;-0.001;72246282;0.0231;0;0.2735;0.0003;0.694;39.321;0;0;0;185.316;185.742;1;-1;0;0;0;0;0;0;0;0;0;-1;0.00000000;0.00000000;0.00000000;0.00000000;0.00000000;0.00000000;0.00000000;
72246333;11.8;28.5;0;0;0;-74.5;0;0;0;0;0;0;0.0231;0;0.2735;0.0003;89548;89754;44.9108;0;101;0.003;-0.003;72246315;0.0231;0;0.2735;0.0003;0.694;39.321;0;0;0;185.316;185.742;1;-1;0;0;0;0;0;0;0;0;0;-1;0.00000000;0.00000000;0.00000000;0.00000000;0.00000000;0.00000000;0.00000000;
72246365;11.8;28.5;0;0;0;-75.1;0;0;0;0;0;0;0.0231;0;0.2735;0.0003;89548;89754;44.9726;0;101;0.003;-0.002;72246333;0.0231;0;0.2735;0.0003;0.694;39.322;0;0;0;185.316;185.742;1;-1;0;0;0;0;0;0;0;0;0;-1;0.00000000;0.00000000;0.00000000;0.00000000;0.00000000;0.00000000;0.00000000;
72246400;11.8;28.5;0;0;0;-75.4;0;0;0;0;0;0;0.0231;0;0.2735;0.0003;89548;89754;45;0;101;0.003;-0.002;72246365;0.0231;0;0.2735;0.0003;0.694;39.322;0;0;0;185.316;185.742;1;-1;0;0;0;0;0;0;0;0;0;-1;0.00000000;0.00000000;0.00000000;0.00000000;0.00000000;0.00000000;0.00000000;
72246432;11.8;28.5;0;0;0;-75.7;0;0;0;0;0;0;0.0231;0;0.2735;0.0003;89548;89754;44.9657;0;101;0.003;-0.002;72246400;0.0231;0;0.2735;0.0003;0.694;39.323;0;0;0;185.316;185.742;1;-1;0;0;0;0;0;0;0;0;0;-1;0.00000000;0.00000000;0.00000000;0.00000000;0.00000000;0.00000000;0.00000000;
72246466;11.8;28.5;0;0;0;-75.7;0;0;0;0;0;0;0.0231;0;0.2735;0.0003;89548;89754;44.9109;0;101;0.003;-0.002;72246432;0.0231;0;0.2735;0.0003;0.694;39.323;0;0;0;185.316;185.742;1;-1;0;0;0;0;0;0;0;0;0;-1;0.00000000;0.00000000;0.00000000;0.00000000;0.00000000;0.00000000;0.00000000;
72246499;11.8;28.5;0;0;0;-75.8;0;0;0;0;0;0;0.0231;0;0.2735;0.0003;89548;89754;45.0079;0;101;0.003;-0.002;72246466;0.0231;0;0.2735;0.0003;0.694;39.323;0;0;0;185.316;185.742;1;-1;0;0;0;0;0;0;0;0;0;-1;0.00000000;0.00000000;0.00000000;0.00000000;0.00000000;0.00000000;0.00000000;
72246532;11.8;28.5;0;0;0;-76.1;0;0;0;0;0;0;0.0231;0;0.2735;0.0003;89548;89754;45;0;101;0.003;-0.002;72246499;0.0231;0;0.2735;0.0003;0.694;39.324;0;0;0;185.316;185.742;1;-1;0;0;0;0;0;0;0;0;0;-1;0.00000000;0.00000000;0.00000000;0.00000000;0.00000000;0.00000000;0.00000000;
72246568;11.8;28.5;0;0;0;-75.9;0;0;0;0;0;0;0.0231;0;0.2735;0.0003;89548;89754;45.0118;0;101;0.003;-0.002;72246532;0.0231;0;0.2735;0.0003;0.694;39.325;0;0;0;185.316;185.742;1;-1;0;0;0;0;0;0;0;0;0;-1;0.00000000;0.00000000;0.00000000;0.00000000;0.00000000;0.00000000;0.00000000;
72246614;11.8;28.5;0;0;0;-75.3;0;0;0;0;0;0;0.0231;0;0.2735;0.0003;89548;89754;44.9863;0;101;0.004;-0.002;72246569;0.0231;0;0.2735;0.0003;0.694;39.325;0;0;0;185.316;185.742;1;-1;0;0;0;0;0;0;0;0;0;-1;0.00000000;0.00000000;0.00000000;0.00000000;0.00000000;0.00000000;0.00000000;
72246646;11.8;28.5;0;0;0;-75.7;0;0;0;0;0;0;0.0231;0;0.2735;0.0003;89548;89754;44.9697;0;101;0.003;-0.002;72246614;0.0231;0;0.2735;0.0003;0.694;39.326;0;0;0;185.316;185.742;1;-1;0;0;0;0;0;0;0;0;0;-1;0.00000000;0.00000000;0.00000000;0.00000000;0.00000000;0.00000000;0.00000000;
72246681;11.8;28.5;0;0;0;-75.3;0;0;0;0;0;0;0.0231;0;0.2735;0.0003;89548;89754;44.9726;0;101;0.003;-0.002;72246648;0.0231;0;0.2735;0.0003;0.694;39.326;0;0;0;185.316;185.742;1;-1;0;0;0;0;0;0;0;0;0;-1;0.00000000;0.00000000;0.00000000;0.00000000;0.00000000;0.00000000;0.00000000;
72246714;11.7;28.5;0;0;0;-74.9;30.32;2;-0.12;31.4;29;0.079;0.0231;0;0.2737;0.0003;89548;89754;40.883;0;101;0.019;0.243;72246681;0.0231;0;0.2735;0.0003;0.694;39.327;0;0;0;185.316;185.742;1;-1;0;0;0;0;0;0;0;0;0;-1;0.00000000;0.00000000;0.00000000;0.00000000;0.00000000;0.00000000;0.00000000;
72246748;11.7;28.5;0;0;0;-75.1;60.02;3.8;0;60.02;4;0.078;0.0231;0;0.2741;0.0003;89548;89754;44.999;0;101;0.03;0.499;72246715;0.0231;0;0.2737;0.0003;0.694;39.321;3.86;60.22;0.006;185.316;185.742;1;-1;0;0;0;0;0;0;0;0;0;-1;0.00000000;0.00000000;0.00000000;0.00000000;0.00000000;0.00000000;0.00000000;
72246781;11.7;28.5;0;0;0;-75.2;59.99;3.8;0;59.99;0;0.078;0.0231;0;0.2746;0.0003;89548;89754;45;0;101;0.027;0.498;72246748;0.0231;0;0.2741;0.0003;0.694;39.305;3.78;59.89;0.001;185.316;185.742;1;-1;0;0;0;0;0;0;0;0;0;-1;0.00000000;0.00000000;0.00000000;0.00000000;0.00000000;0.00000000;0.00000000;
72246817;11.7;28.5;0;0;0;-75.2;60.13;4.03;0.32;59.88;253;0.085;0.0232;0;0.275;0.0003;89550;89756;130.739;0;101;-0.02;0.528;72246782;0.0231;0;0.2746;0.0003;0.694;39.29;3.79;60.03;0;185.316;185.742;1;-1;0;0;0;0;0;0;0;0;0;-1;0.00000000;0.00000000;0.00000000;0.00000000;0.00000000;0.00000000;0.00000000;
72246861;11.7;28.5;0;0;0;-75.2;60.16;4.09;0.13;60.03;461;0.083;0.0232;0;0.2756;0.0003;89553;89759;305.028;0;101;-0.043;0.537;72246818;0.0232;0;0.275;0.0003;0.693;39.274;3.9;57.12;0.052;185.32;185.746;1;-1;0;0;0;0;0;0;0;0;0;-1;0.00000000;0.00000000;0.00000000;0.00000000;0.00000000;0.00000000;0.00000000;
72246900;11.7;28.5;0;0;0;-75.1;59.91;4.16;0.18;59.94;814;0.086;0.0233;0;0.2762;0.0003;89557;89763;230.984;0;101;-0.1;0.55;72246862;0.0232;0;0.2756;0.0003;0.693;39.252;3.9;59.16;0.095;185.326;185.752;1;-1;0;0;0;0;0;0;0;0;0;-1;0.00000000;0.00000000;0.00000000;0.00000000;0.00000000;0.00000000;0.00000000;
72246932;11.7;28.5;0;0;0;-75.1;60.08;4;0.06;60.03;1072;0.085;0.0233;0;0.2766;0.0003;89562;89768;156.921;0;101;-0.152;0.53;72246900;0.0233;0;0.2762;0.0003;0.693;39.235;4.26;62.67;0.168;185.334;185.761;1;-1;0;0;0;0;0;0;0;0;0;-1;0.00000000;0.00000000;0.00000000;0.00000000;0.00000000;0.00000000;0.00000000;
72246965;11.7;28.5;0;0;0;-75.6;59.13;5.69;-0.65;58.91;2100;0.122;0.0234;0;0.2771;0.0003;89574;89780;165.573;0;101;-0.066;0.758;72246933;0.0233;0;0.2766;0.0003;0.692;39.22;3.95;61.31;0.221;185.345;185.771;1;-1;0;0;0;0;0;0;0;0;0;-1;0.00000000;0.00000000;0.00000000;0.00000000;0.00000000;0.00000000;0.00000000;
72246999;11.7;28.5;0;0;0;-75.7;57.51;8;0.36;57.2;3822;0.199;0.0234;0;0.2781;0.0003;89596;89802;23.4291;0;101;-0.01;1.097;72246966;0.0234;0;0.2771;0.0003;0.692;39.201;6.44;64.44;0.435;185.369;185.796;1;-1;0;0;0;0;0;0;0;0;0;-1;0.00000000;0.00000000;0.00000000;0.00000000;0.00000000;0.00000000;0.00000000;
72247030;11.7;28.5;0;0;0;-75.9;41.61;6.93;0.25;41.12;6104;0.199;0.0235;0;0.2788;0.0003;89627;89833;85.638;0;101;-0.111;1.314;72247000;0.0234;0;0.2781;0.0003;0.691;39.168;7.91;51.49;0.793;185.415;185.841;1;-1;0;0;0;0;0;0;0;0;0;-1;0.00000000;0.00000000;0.00000000;0.00000000;0.00000000;0.00000000;0.00000000;
72247065;11.7;28.5;0;0;0;-75.4;19.66;3.27;0.16;19.31;8363;0.2;0.0235;0;0.2792;0.0003;89666;89872;267.732;0;101;-0.13;1.319;72247031;0.0235;0;0.2788;0.0003;0.691;39.138;3.38;28.43;1.267;185.479;185.905;1;-1;0;0;0;0;0;0;0;0;0;-1;0.00000000;0.00000000;0.00000000;0.00000000;0.00000000;0.00000000;0.00000000;
72247098;11.8;28.5;0;0;0;-75.5;14.56;2.41;-0.15;14.2;10021;0.199;0.0236;0;0.2795;0.0003;89708;89914;290.861;0;101;-0.132;1.32;72247065;0.0235;0;0.2792;0.0003;0.691;39.125;1.58;16.97;1.733;185.56;185.986;1;-1;0;0;0;0;0;0;0;0;0;-1;0.00000000;0.00000000;0.00000000;0.00000000;0.00000000;0.00000000;0.00000000;
72247117;11.7;28.5;0;0;0;-75.1;11.94;1.99;0.01;11.76;11060;0.199;0.0236;0;0.2797;0.0003;89749;89955;237.337;0;101;-0.125;1.321;72247100;0.0236;0;0.2795;0.0003;0.69;39.114;2.88;9.95;2.076;185.649;186.075;1;-1;0;0;0;0;0;0;0;0;0;-1;0.00000000;0.00000000;0.00000000;0.00000000;0.00000000;0.00000000;0.00000000;
72247151;11.8;28.5;0;0;0;-75;9.53;1.57;-0.1;9.26;11832;0.2;0.0236;0;0.2798;0.0003;89792;89998;278.075;0;101;-0.122;1.322;72247118;0.0236;0;0.2797;0.0003;0.69;39.107;3.19;10.14;2.29;185.734;186.16;1;-1;0;0;0;0;0;0;0;0;0;-1;0.00000000;0.00000000;0.00000000;0.00000000;0.00000000;0.00000000;0.00000000;
72247185;11.8;28.5;0;0;0;-75.3;8.72;1.43;-0.09;8.44;12365;0.199;0.0236;0;0.28;0.0003;89838;90044;158.47;0;101;-0.116;1.322;72247152;0.0236;0;0.2798;0.0003;0.69;39.102;0.17;6.81;2.449;185.821;186.247;1;-1;0;0;0;0;0;0;0;0;0;-1;0.00000000;0.00000000;0.00000000;0.00000000;0.00000000;0.00000000;0.00000000;
72247216;11.8;28.5;0;0;0;-75.2;7.83;1.28;-0.06;7.52;12687;0.199;0.0236;0;0.2802;0.0003;89879;90085;108.251;0;101;-0.112;1.323;72247186;0.0236;0;0.28;0.0003;0.69;39.096;-0.09;5.73;2.559;185.916;186.342;1;-1;0;0;0;0;0;0;0;0;0;-1;0.00000000;0.00000000;0.00000000;0.00000000;0.00000000;0.00000000;0.00000000;
72247248;11.8;28.5;0;0;0;-75.3;7.98;1.32;0.12;7.73;12849;0.199;0.0236;0;0.2802;0.0003;89913;90119;323.869;0;101;-0.114;1.323;72247222;0.0236;0;0.2802;0.0003;0.69;39.092;1.25;7.5;2.625;186.001;186.427;1;-1;0;0;0;0;0;0;0;0;0;-1;0.00000000;0.00000000;0.00000000;0.00000000;0.00000000;0.00000000;0.00000000;
72247311;11.8;28.5;0;0;0;-75.1;7.81;1.28;0;7.51;13094;0.199;0.0237;0;0.2805;0.0003;90003;90209;341.394;0;101;-0.115;1.323;72247248;0.0236;0;0.2802;0.0003;0.69;39.088;-0.05;7.62;2.659;186.071;186.497;1;-1;0;0;0;0;0;0;0;0;0;-1;0.00000000;0.00000000;0.00000000;0.00000000;0.00000000;0.00000000;0.00000000;
72247336;11.8;28.5;0;0;0;-74.8;8.54;1.41;0.06;8.3;13105;0.199;0.0237;0;0.2807;0.0003;90037;90243;212.93;0;101;-0.116;1.322;72247311;0.0237;0;0.2805;0.0003;0.69;39.078;0.37;6.51;2.71;186.257;186.684;1;-1;0;0;0;0;0;0;0;0;0;-1;0.00000000;0.00000000;0.00000000;0.00000000;0.00000000;0.00000000;0.00000000;
72247364;11.8;28.5;0;0;0;-74.6;7.92;1.3;-0.08;7.63;13136;0.199;0.0237;0;0.2808;0.0003;90073;90279;237.477;0;101;-0.115;1.323;72247337;0.0237;0;0.2807;0.0003;0.69;39.075;-0.27;7.01;2.712;186.328;186.754;1;-1;0;0;0;0;0;0;0;0;0;-1;0.00000000;0.00000000;0.00000000;0.00000000;0.00000000;0.00000000;0.00000000;
72247394;11.8;28.5;0;0;0;-74.5;7.77;1.27;0;7.44;13173;0.199;0.0237;0;0.2809;0.0003;90115;90321;227.986;0;101;-0.115;1.323;72247365;0.0237;0;0.2808;0.0003;0.69;39.071;3.12;9.07;2.718;186.404;186.831;1;-1;0;0;0;0;0;0;0;0;0;-1;0.00000000;0.00000000;0.00000000;0.00000000;0.00000000;0.00000000;0.00000000;
72247431;11.8;28.6;0;0;0;-74.8;8.34;1.37;0.03;8.07;13166;0.199;0.0237;0;0.2811;0.0003;90157;90363;233.067;0;101;-0.115;1.323;72247396;0.0237;0;0.2809;0.0003;0.69;39.067;2.67;7.22;2.726;186.491;186.917;1;-1;0;0;0;0;0;0;0;0;0;-1;0.00000000;0.00000000;0.00000000;0.00000000;0.00000000;0.00000000;0.00000000;
72247469;11.8;28.6;0;0;0;-75;7.94;1.31;0.02;7.69;13179;0.199;0.0237;0;0.2812;0.0003;90212;90418;278.5;0;101;-0.115;1.323;72247431;0.0237;0;0.2811;0.0003;0.69;39.062;2.65;6.91;2.724;186.578;187.004;1;-1;0;0;0;0;0;0;0;0;0;-1;0.00000000;0.00000000;0.00000000;0.00000000;0.00000000;0.00000000;0.00000000;
72247502;11.8;28.6;0;0;0;-75.3;7.74;1.27;-0.11;7.47;13200;0.199;0.0237;0;0.2814;0.0003;90255;90461;307.406;0;101;-0.114;1.323;72247470;0.0237;0;0.2812;0.0003;0.689;39.057;0.6;6.17;2.727;186.69;187.116;1;-1;0;0;0;0;0;0;0;0;0;-1;0.00000000;0.00000000;0.00000000;0.00000000;0.00000000;0.00000000;0.00000000;
72247550;11.8;28.6;0;0;0;-74.7;8.15;1.34;0.04;7.86;13195;0.199;0.0237;0;0.2815;0.0003;90298;90504;50.8803;0;101;-0.116;1.323;72247502;0.0237;0;0.2814;0.0003;0.689;39.053;1.54;8.72;2.731;186.779;187.205;1;-1;0;0;0;0;0;0;0;0;0;-1;0.00000000;0.00000000;0.00000000;0.00000000;0.00000000;0.00000000;0.00000000;
72247583;11.8;28.6;0;0;0;-75.1;7.92;1.3;-0.01;7.66;13194;0.2;0.0237;0;0.2817;0.0003;90343;90549;193.74;0;101;-0.114;1.323;72247550;0.0237;0;0.2815;0.0003;0.689;39.05;2.18;8.37;2.73;186.868;187.294;1;-1;0;0;0;0;0;0;0;0;0;-1;0.00000000;0.00000000;0.00000000;0.00000000;0.00000000;0.00000000;0.00000000;
72247617;11.8;28.6;0;0;0;-74.9;7.52;1.22;0.01;7.18;13226;0.2;0.0238;0;0.2819;0.0003;90409;90615;210.359;0;101;-0.113;1.324;72247583;0.0237;0;0.2817;0.0003;0.689;39.046;1.34;9.04;2.73;186.961;187.387;1;-1;0;0;0;0;0;0;0;0;0;-1;0.00000000;0.00000000;0.00000000;0.00000000;0.00000000;0.00000000;0.00000000;
72247650;11.8;28.6;0;0;0;-74.9;7.63;1.24;-0.05;7.3;13233;0.2;0.0238;0;0.282;0.0003;90452;90658;287.245;0;101;-0.112;1.324;72247618;0.0238;0;0.2819;0.0003;0.689;39.041;-0.17;6.97;2.737;187.097;187.524;1;-1;0;0;0;0;0;0;0;0;0;-1;0.00000000;0.00000000;0.00000000;0.00000000;0.00000000;0.00000000;0.00000000;
72247682;11.8;28.6;0;0;0;-75;8.2;1.35;0.01;7.94;13210;0.199;0.0238;0;0.2821;0.0003;90494;90700;257.191;0;101;-0.115;1.323;72247651;0.0238;0;0.282;0.0003;0.689;39.037;2.1;8.26;2.738;187.189;187.615;1;-1;0;0;0;0;0;0;0;0;0;-1;0.00000000;0.00000000;0.00000000;0.00000000;0.00000000;0.00000000;0.00000000;
72247717;11.8;28.6;0;0;0;-74.8;8.57;1.42;0.02;8.34;13172;0.199;0.0238;0;0.2823;0.0003;90540;90746;132.296;0;101;-0.116;1.323;72247683;0.0238;0;0.2821;0.0003;0.689;39.034;0.39;8.41;2.734;187.273;187.7;1;-1;0;0;0;0;0;0;0;0;0;-1;0.00000000;0.00000000;0.00000000;0.00000000;0.00000000;0.00000000;0.00000000;
72247751;11.8;28.6;0;0;0;-74.9;7.76;1.26;0.05;7.42;13196;0.199;0.0238;0;0.2824;0.0003;90584;90790;278.259;0;101;-0.116;1.323;72247718;0.0238;0;0.2823;0.0003;0.689;39.03;0.26;9.1;2.725;187.369;187.795;1;-1;0;0;0;0;0;0;0;0;0;-1;0.00000000;0.00000000;0.00000000;0.00000000;0.00000000;0.00000000;0.00000000;
72247784;11.8;28.6;0;0;0;-75.3;7.82;1.27;-0.09;7.48;13212;0.199;0.0238;0;0.2826;0.0003;90628;90834;49.4719;0;101;-0.115;1.323;72247751;0.0238;0;0.2824;0.0003;0.689;39.027;0.32;7.79;2.731;187.46;187.886;1;-1;0;0;0;0;0;0;0;0;0;-1;0.00000000;0.00000000;0.00000000;0.00000000;0.00000000;0.00000000;0.00000000;
72247803;11.8;28.7;0;0;0;-75.4;7.91;1.3;0;7.64;13208;0.199;0.0238;0;0.2826;0.0003;90654;90860;165.108;0;101;-0.114;1.324;72247785;0.0238;0;0.2826;0.0003;0.689;39.025;2.64;8.19;2.734;187.553;187.979;1;-1;0;0;0;0;0;0;0;0;0;-1;0.00000000;0.00000000;0.00000000;0.00000000;0.00000000;0.00000000;0.00000000;
72247836;11.8;28.6;0;0;0;-75.7;8.37;1.38;-0.02;8.1;13188;0.199;0.0238;0;0.2828;0.0003;90696;90902;174.605;0;101;-0.116;1.323;72247804;0.0238;0;0.2826;0.0003;0.689;39.023;1.84;7.15;2.733;187.605;188.031;1;-1;0;0;0;0;0;0;0;0;0;-1;0.00000000;0.00000000;0.00000000;0.00000000;0.00000000;0.00000000;0.00000000;
72247867;11.8;28.7;0;0;0;-75.8;7.92;1.31;0.13;7.7;13194;0.2;0.0239;0;0.2829;0.0003;90739;90945;201.326;0;101;-0.116;1.323;72247836;0.0238;0;0.2828;0.0003;0.689;39.021;2.72;7.8;2.729;187.693;188.12;1;-1;0;0;0;0;0;0;0;0;0;-1;0.00000000;0.00000000;0.00000000;0.00000000;0.00000000;0.00000000;0.00000000;
72247902;11.8;28.7;0;0;0;-75.5;7.3;1.19;-0.16;6.97;13233;0.199;0.0239;0;0.2831;0.0003;90784;90990;4.89987;0;101;-0.114;1.324;72247869;0.0239;0;0.2829;0.0003;0.689;39.018;-0.15;7.82;2.73;187.78;188.207;1;-1;0;0;0;0;0;0;0;0;0;-1;0.00000000;0.00000000;0.00000000;0.00000000;0.00000000;0.00000000;0.00000000;
72247934;11.8;28.6;0;0;0;-75.2;7.85;1.28;0.02;7.53;13230;0.199;0.0239;0;0.2832;0.0003;90826;91032;56.7215;0;101;-0.115;1.323;72247902;0.0239;0;0.2831;0.0003;0.689;39.016;1.24;8.64;2.738;187.874;188.3;1;-1;0;0;0;0;0;0;0;0;0;-1;0.00000000;0.00000000;0.00000000;0.00000000;0.00000000;0.00000000;0.00000000;
72247967;11.8;28.7;0;0;0;-75.1;8.07;1.32;0.06;7.78;13211;0.199;0.0239;0;0.2834;0.0003;90870;91076;172.384;0;101;-0.115;1.323;72247934;0.0239;0;0.2832;0.0003;0.689;39.014;2.9;8.51;2.737;187.963;188.389;1;-1;0;0;0;0;0;0;0;0;0;-1;0.00000000;0.00000000;0.00000000;0.00000000;0.00000000;0.00000000;0.00000000;
72248000;11.8;28.7;0;0;0;-75;7.59;1.24;-0.05;7.32;13222;0.2;0.0239;0;0.2835;0.0003;90912;91118;164.22;0;101;-0.114;1.324;72247967;0.0239;0;0.2834;0.0003;0.689;39.012;2.61;7.06;2.733;188.054;188.48;1;-1;0;0;0;0;0;0;0;0;0;-1;0.00000000;0.00000000;0.00000000;0.00000000;0.00000000;0.00000000;0.00000000;
72248033;11.8;28.7;0;0;0;-75.1;8.37;1.38;0.01;8.11;13201;0.199;0.0239;0;0.2836;0.0003;90958;91164;8.62396;0;101;-0.117;1.323;72248000;0.0239;0;0.2835;0.0003;0.689;39.01;1.6;7.14;2.736;188.138;188.565;1;-1;0;0;0;0;0;0;0;0;0;-1;0.00000000;0.00000000;0.00000000;0.00000000;0.00000000;0.00000000;0.00000000;
72248053;11.8;28.7;0;0;0;-75.2;8.17;1.34;0.01;7.88;13197;0.2;0.0239;0;0.2837;0.0003;90983;91189;115.432;0;101;-0.115;1.323;72248034;0.0239;0;0.2836;0.0003;0.689;39.008;2.25;9.2;2.731;188.234;188.66;1;-1;0;0;0;0;0;0;0;0;0;-1;0.00000000;0.00000000;0.00000000;0.00000000;0.00000000;0.00000000;0.00000000;
72248084;11.8;28.7;0;0;0;-75.2;7.64;1.25;0.02;7.37;13215;0.2;0.0239;0;0.2838;0.0003;91025;91231;85.8226;0;101;-0.115;1.323;72248053;0.0239;0;0.2837;0.0003;0.689;39.006;2.86;9.58;2.73;188.287;188.714;1;-1;0;0;0;0;0;0;0;0;0;-1;0.00000000;0.00000000;0.00000000;0.00000000;0.00000000;0.00000000;0.00000000;
72248117;11.8;28.7;0;0;0;-75.1;8.35;1.37;0.03;8.05;13190;0.2;0.0239;0;0.284;0.0003;91068;91274;164.59;0;101;-0.116;1.323;72248085;0.0239;0;0.2838;0.0003;0.689;39.005;-0.09;6.97;2.735;188.372;188.799;1;-1;0;0;0;0;0;0;0;0;0;-1;0.00000000;0.00000000;0.00000000;0.00000000;0.00000000;0.00000000;0.00000000;
72248151;11.8;28.7;0;0;0;-74.8;7.87;1.29;-0.03;7.6;13196;0.199;0.024;0;0.2841;0.0003;91113;91319;302.202;0;101;-0.114;1.323;72248117;0.0239;0;0.284;0.0003;0.688;39.003;0.62;5.62;2.729;188.461;188.888;1;-1;0;0;0;0;0;0;0;0;0;-1;0.00000000;0.00000000;0.00000000;0.00000000;0.00000000;0.00000000;0.00000000;
72248184;11.8;28.7;0;0;0;-74.7;7.45;1.21;-0.05;7.09;13229;0.199;0.024;0;0.2843;0.0003;91156;91362;48.0891;0;101;-0.114;1.324;72248151;0.024;0;0.2841;0.0003;0.688;39.001;1.81;9.5;2.73;188.554;188.981;1;-1;0;0;0;0;0;0;0;0;0;-1;0.00000000;0.00000000;0.00000000;0.00000000;0.00000000;0.00000000;0.00000000;
72248218;11.8;28.7;0;0;0;-75.2;7.78;1.27;0.11;7.48;13223;0.2;0.024;0;0.2844;0.0003;91201;91407;224.477;0;101;-0.113;1.324;72248184;0.024;0;0.2843;0.0003;0.688;39;1.35;6.69;2.737;188.645;189.072;1;-1;0;0;0;0;0;0;0;0;0;-1;0.00000000;0.00000000;0.00000000;0.00000000;0.00000000;0.00000000;0.00000000;
72248251;11.8;28.7;0;0;0;-75.3;8.07;1.33;-0.05;7.82;13206;0.199;0.024;0;0.2846;0.0003;91245;91451;302.876;0;101;-0.113;1.324;72248219;0.024;0;0.2844;0.0003;0.688;38.998;0.4;4.83;2.736;188.736;189.163;1;-1;0;0;0;0;0;0;0;0;0;-1;0.00000000;0.00000000;0.00000000;0.00000000;0.00000000;0.00000000;0.00000000;
72248284;11.8;28.7;0;0;0;-75.2;7.55;1.24;0;7.27;13229;0.199;0.024;0;0.2847;0.0003;91289;91495;91.595;0;101;-0.116;1.323;72248251;0.024;0;0.2846;0.0003;0.688;38.997;2.47;9.81;2.732;188.828;189.254;1;-1;0;0;0;0;0;0;0;0;0;-1;0.00000000;0.00000000;0.00000000;0.00000000;0.00000000;0.00000000;0.00000000;
72248303;11.8;28.7;0;0;0;-75;8.67;1.43;0.03;8.43;13199;0.199;0.024;0;0.2848;0.0003;91313;91519;60.4924;0;101;-0.117;1.323;72248285;0.024;0;0.2847;0.0003;0.688;38.995;0.46;6.36;2.737;188.919;189.345;1;-1;0;0;0;0;0;0;0;0;0;-1;0.00000000;0.00000000;0.00000000;0.00000000;0.00000000;0.00000000;0.00000000;
72248335;11.8;28.7;0;0;0;-75.1;7.94;1.31;-0.04;7.68;13199;0.199;0.024;0;0.2849;0.0003;91357;91563;188.199;0;101;-0.117;1.323;72248303;0.024;0;0.2848;0.0003;0.688;38.994;3.15;10.42;2.731;188.968;189.395;1;-1;0;0;0;0;0;0;0;0;0;-1;0.00000000;0.00000000;0.00000000;0.00000000;0.00000000;0.00000000;0.00000000;
72248367;11.8;28.7;0;0;0;-74.9;8.13;1.33;0.03;7.82;13198;0.199;0.024;0;0.2851;0.0003;91398;91604;156.511;0;101;-0.116;1.323;72248336;0.024;0;0.2849;0.0003;0.688;38.991;1.44;10.02;2.731;189.059;189.486;1;-1;0;0;0;0;0;0;0;0;0;-1;0.00000000;0.00000000;0.00000000;0.00000000;0.00000000;0.00000000;0.00000000;
72248400;11.8;28.7;0;0;0;-75;7.84;1.29;0.03;7.57;13203;0.199;0.024;0;0.2852;0.0003;91443;91649;309.149;0;101;-0.115;1.323;72248367;0.024;0;0.2851;0.0003;0.688;38.989;0.24;5.28;2.731;189.144;189.57;1;-1;0;0;0;0;0;0;0;0;0;-1;0.00000000;0.00000000;0.00000000;0.00000000;0.00000000;0.00000000;0.00000000;
72248434;11.8;28.8;0;0;0;-75.3;7.88;1.29;-0.09;7.58;13212;0.199;0.0241;0;0.2853;0.0003;91487;91693;105.925;0;101;-0.115;1.323;72248401;0.024;0;0.2852;0.0003;0.688;38.986;1.42;9.27;2.732;189.237;189.664;1;-1;0;0;0;0;0;0;0;0;0;-1;0.00000000;0.00000000;0.00000000;0.00000000;0.00000000;0.00000000;0.00000000;
72248468;11.8;28.7;0;0;0;-75;7.93;1.3;0.09;7.66;13208;0.199;0.0241;0;0.2855;0.0003;91531;91737;203.827;0;101;-0.115;1.323;72248434;0.0241;0;0.2853;0.0003;0.688;38.984;1.67;8.2;2.734;189.328;189.755;1;-1;0;0;0;0;0;0;0;0;0;-1;0.00000000;0.00000000;0.00000000;0.00000000;0.00000000;0.00000000;0.00000000;
72248501;11.8;28.7;0;0;0;-74.8;7.51;1.22;-0.03;7.19;13229;0.199;0.0241;0;0.2856;0.0003;91575;91781;320.876;0;101;-0.113;1.324;72248468;0.0241;0;0.2855;0.0003;0.688;38.981;-0.28;7.87;2.733;189.419;189.846;1;-1;0;0;0;0;0;0;0;0;0;-1;0.00000000;0.00000000;0.00000000;0.00000000;0.00000000;0.00000000;0.00000000;
72248534;11.8;28.7;0;0;0;-74.8;7.55;1.23;-0.09;7.25;13236;0.199;0.0241;0;0.2857;0.0003;91620;91826;125.358;0;101;-0.112;1.323;72248501;0.0241;0;0.2856;0.0003;0.688;38.978;-0.11;7.08;2.738;189.51;189.937;1;-1;0;0;0;0;0;0;0;0;0;-1;0.00000000;0.00000000;0.00000000;0.00000000;0.00000000;0.00000000;0.00000000;
72248580;11.8;28.7;0;0;0;-74.8;7.89;1.29;0.02;7.56;13231;0.199;0.0241;0;0.286;0.0003;91679;91885;106.328;0;101;-0.115;1.323;72248535;0.0241;0;0.2857;0.0003;0.688;38.976;2.04;10.46;2.738;189.604;190.03;1;-1;0;0;0;0;0;0;0;0;0;-1;0.00000000;0.00000000;0.00000000;0.00000000;0.00000000;0.00000000;0.00000000;
72248618;11.8;28.8;0;0;0;-75;8.52;1.4;0.09;8.24;13203;0.199;0.0241;0;0.2861;0.0003;91709;91915;112.941;0;101;-0.116;1.323;72248580;0.0241;0;0.286;0.0003;0.688;38.972;1.72;7.68;2.738;189.726;190.152;1;-1;0;0;0;0;0;0;0;0;0;-1;0.00000000;0.00000000;0.00000000;0.00000000;0.00000000;0.00000000;0.00000000;
72248655;11.8;28.8;0;0;0;-75;7.67;1.26;0;7.41;13217;0.199;0.0241;0;0.2862;0.0003;91757;91963;98.2694;0;101;-0.115;1.323;72248618;0.0241;0;0.2861;0.0003;0.688;38.969;2.6;8.52;2.732;189.79;190.216;1;-1;0;0;0;0;0;0;0;0;0;-1;0.00000000;0.00000000;0.00000000;0.00000000;0.00000000;0.00000000;0.00000000;
72248672;11.8;28.8;0;0;0;-75;7.82;1.28;0.07;7.51;13218;0.199;0.0241;0;0.2863;0.0003;91792;91998;32.6;0;101;-0.115;1.323;72248655;0.0241;0;0.2862;0.0003;0.688;38.967;0.34;7.25;2.735;189.887;190.313;1;-1;0;0;0;0;0;0;0;0;0;-1;0.00000000;0.00000000;0.00000000;0.00000000;0.00000000;0.00000000;0.00000000;
72248707;11.8;28.8;0;0;0;-74.6;8.31;1.37;-0.05;8.07;13193;0.199;0.0242;0;0.2864;0.0003;91829;92035;116.902;0;101;-0.115;1.323;72248673;0.0241;0;0.2863;0.0003;0.688;38.965;-0.1;5.74;2.735;189.96;190.386;1;-1;0;0;0;0;0;0;0;0;0;-1;0.00000000;0.00000000;0.00000000;0.00000000;0.00000000;0.00000000;0.00000000;
72248736;11.8;28.8;0;0;0;-74.7;8.11;1.33;0.02;7.79;13195;0.199;0.0242;0;0.2866;0.0003;91870;92076;42.4687;0;101;-0.118;1.322;72248708;0.0242;0;0.2864;0.0003;0.688;38.963;2.85;11.53;2.729;190.038;190.465;1;-1;0;0;0;0;0;0;0;0;0;-1;0.00000000;0.00000000;0.00000000;0.00000000;0.00000000;0.00000000;0.00000000;
72248769;11.8;28.8;0;0;0;-74.9;7.8;1.28;-0.13;7.52;13208;0.199;0.0242;0;0.2867;0.0003;91913;92119;68.0564;0;101;-0.114;1.323;72248736;0.0242;0;0.2866;0.0003;0.688;38.96;0.17;5.68;2.731;190.121;190.547;1;-1;0;0;0;0;0;0;0;0;0;-1;0.00000000;0.00000000;0.00000000;0.00000000;0.00000000;0.00000000;0.00000000;
72248799;11.8;28.8;0;0;0;-74.6;7.27;1.18;0.04;6.95;13236;0.199;0.0242;0;0.2869;0.0003;91953;92159;322.105;0;101;-0.113;1.324;72248771;0.0242;0;0.2867;0.0003;0.688;38.958;1.75;8.7;2.733;190.21;190.636;1;-1;0;0;0;0;0;0;0;0;0;-1;0.00000000;0.00000000;0.00000000;0.00000000;0.00000000;0.00000000;0.00000000;
72248829;11.8;28.8;0;0;0;-74.9;7.85;1.28;0.06;7.52;13228;0.199;0.0242;0;0.287;0.0003;91994;92200;247.896;0;101;-0.114;1.324;72248800;0.0242;0;0.2869;0.0003;0.688;38.957;0.07;7.72;2.739;190.293;190.719;1;-1;0;0;0;0;0;0;0;0;0;-1;0.00000000;0.00000000;0.00000000;0.00000000;0.00000000;0.00000000;0.00000000;
72248862;11.8;28.8;0;0;0;-74.7;8.04;1.32;0;7.74;13217;0.199;0.0242;0;0.2871;0.0003;92037;92243;353.073;0;101;-0.115;1.323;72248831;0.0242;0;0.287;0.0003;0.688;38.955;1.58;8.72;2.737;190.378;190.804;1;-1;0;0;0;0;0;0;0;0;0;-1;0.00000000;0.00000000;0.00000000;0.00000000;0.00000000;0.00000000;0.00000000;
72248894;11.8;28.8;0;0;0;-74.7;7.46;1.22;-0.05;7.14;13233;0.199;0.0242;0;0.2872;0.0003;92078;92284;294.48;0;101;-0.113;1.324;72248864;0.0242;0;0.2871;0.0003;0.688;38.953;2.61;7.78;2.735;190.469;190.895;1;-1;0;0;0;0;0;0;0;0;0;-1;0.00000000;0.00000000;0.00000000;0.00000000;0.00000000;0.00000000;0.00000000;
72248923;11.8;28.8;0;0;0;-74.8;8.26;1.37;-0.04;8.03;13212;0.199;0.0242;0;0.2874;0.0003;92118;92324;126.305;0;101;-0.115;1.323;72248894;0.0242;0;0.2872;0.0003;0.688;38.952;2.72;8;2.738;190.553;190.98;1;-1;0;0;0;0;0;0;0;0;0;-1;0.00000000;0.00000000;0.00000000;0.00000000;0.00000000;0.00000000;0.00000000;
72248955;11.8;28.8;0;0;0;-74.8;8.2;1.34;0.11;7.89;13195;0.2;0.0242;0;0.2875;0.0003;92158;92365;62.3088;0;101;-0.115;1.323;72248924;0.0242;0;0.2874;0.0003;0.688;38.95;1.73;9.11;2.733;190.634;191.06;1;-1;0;0;0;0;0;0;0;0;0;-1;0.00000000;0.00000000;0.00000000;0.00000000;0.00000000;0.00000000;0.00000000;
72248986;11.8;28.8;0;0;0;-74.5;7.64;1.25;-0.11;7.36;13213;0.199;0.0243;0;0.2876;0.0003;92202;92408;121.823;0;101;-0.114;1.323;72248955;0.0242;0;0.2875;0.0003;0.688;38.948;2.97;9.22;2.73;190.719;191.145;1;-1;0;0;0;0;0;0;0;0;0;-1;0.00000000;0.00000000;0.00000000;0.00000000;0.00000000;0.00000000;0.00000000;
72249019;11.8;28.8;0;0;0;-74.9;8.19;1.35;0.04;7.91;13200;0.199;0.0243;0;0.2878;0.0003;92244;92450;120.608;0;101;-0.116;1.323;72248987;0.0243;0;0.2876;0.0003;0.688;38.948;2.44;9.91;2.734;190.808;191.234;1;-1;0;0;0;0;0;0;0;0;0;-1;0.00000000;0.00000000;0.00000000;0.00000000;0.00000000;0.00000000;0.00000000;
72249051;11.8;28.8;0;0;0;-75;8.09;1.32;0.04;7.79;13194;0.199;0.0243;0;0.2879;0.0003;92284;92490;55.8127;0;101;-0.115;1.323;72249020;0.0243;0;0.2878;0.0003;0.687;38.946;2.61;9.56;2.731;190.895;191.321;1;-1;0;0;0;0;0;0;0;0;0;-1;0.00000000;0.00000000;0.00000000;0.00000000;0.00000000;0.00000000;0.00000000;
72249083;11.8;28.8;0;0;0;-75.1;7.57;1.24;0;7.29;13216;0.199;0.0243;0;0.2881;0.0003;92326;92532;27.4537;0;101;-0.115;1.324;72249051;0.0243;0;0.2879;0.0003;0.687;38.945;3.03;9.18;2.73;190.98;191.406;1;-1;0;0;0;0;0;0;0;0;0;-1;0.00000000;0.00000000;0.00000000;0.00000000;0.00000000;0.00000000;0.00000000;
72249116;11.8;28.8;0;0;0;-75;8.06;1.32;-0.05;7.75;13207;0.2;0.0243;0;0.2882;0.0003;92369;92575;117.969;0;101;-0.115;1.323;72249083;0.0243;0;0.2881;0.0003;0.687;38.945;-0.1;6.85;2.735;191.065;191.491;1;-1;0;0;0;0;0;0;0;0;0;-1;0.00000000;0.00000000;0.00000000;0.00000000;0.00000000;0.00000000;0.00000000;
72249148;11.8;28.8;0;0;0;-75;7.95;1.31;0.06;7.7;13195;0.199;0.0243;0;0.2883;0.0003;92413;92619;191.844;0;101;-0.114;1.323;72249116;0.0243;0;0.2882;0.0003;0.687;38.944;2.71;9.22;2.732;191.156;191.582;1;-1;0;0;0;0;0;0;0;0;0;-1;0.00000000;0.00000000;0.00000000;0.00000000;0.00000000;0.00000000;0.00000000;
72249182;11.8;28.9;0;0;0;-75;7.38;1.2;-0.06;7.05;13231;0.199;0.0243;0;0.2885;0.0003;92457;92663;314.611;0;101;-0.114;1.324;72249148;0.0243;0;0.2883;0.0003;0.687;38.943;1.64;9.56;2.73;191.245;191.671;1;-1;0;0;0;0;0;0;0;0;0;-1;0.00000000;0.00000000;0.00000000;0.00000000;0.00000000;0.00000000;0.00000000;
72249215;11.8;28.9;0;0;0;-75.1;7.91;1.29;-0.03;7.59;13221;0.199;0.0243;0;0.2886;0.0003;92502;92708;127.315;0;101;-0.112;1.324;72249183;0.0243;0;0.2885;0.0003;0.687;38.943;0.64;8.29;2.738;191.336;191.762;1;-1;0;0;0;0;0;0;0;0;0;-1;0.00000000;0.00000000;0.00000000;0.00000000;0.00000000;0.00000000;0.00000000;
72249248;11.8;28.9;0;0;0;-75.2;7.98;1.32;0.19;7.73;13205;0.199;0.0243;0;0.2888;0.0003;92546;92752;258.025;0;101;-0.114;1.323;72249215;0.0243;0;0.2886;0.0003;0.687;38.942;1.58;9.01;2.735;191.429;191.855;1;-1;0;0;0;0;0;0;0;0;0;-1;0.00000000;0.00000000;0.00000000;0.00000000;0.00000000;0.00000000;0.00000000;
72249282;11.8;28.9;0;0;0;-74.8;7.47;1.21;-0.2;7.14;13232;0.199;0.0244;0;0.2889;0.0003;92591;92797;73.0884;0;101;-0.115;1.324;72249249;0.0243;0;0.2888;0.0003;0.687;38.942;0.4;8.93;2.733;191.52;191.946;1;-1;0;0;0;0;0;0;0;0;0;-1;0.00000000;0.00000000;0.00000000;0.00000000;0.00000000;0.00000000;0.00000000;
72249315;11.8;28.9;0;0;0;-74.9;8.19;1.35;0.11;7.92;13210;0.199;0.0244;0;0.289;0.0003;92633;92839;83.2665;0;101;-0.115;1.323;72249282;0.0244;0;0.2889;0.0003;0.687;38.942;2.01;9.56;2.738;191.613;192.039;1;-1;0;0;0;0;0;0;0;0;0;-1;0.00000000;0.00000000;0.00000000;0.00000000;0.00000000;0.00000000;0.00000000;
72249352;11.8;28.9;0;0;0;-74.8;7.95;1.3;0.07;7.63;13205;0.2;0.0244;0;0.2892;0.0003;92680;92886;40.6019;0;101;-0.114;1.324;72249315;0.0244;0;0.289;0.0003;0.687;38.941;-0.01;6.94;2.733;191.7;192.126;1;-1;0;0;0;0;0;0;0;0;0;-1;0.00000000;0.00000000;0.00000000;0.00000000;0.00000000;0.00000000;0.00000000;
72249368;11.8;28.9;0;0;0;-74.7;7.49;1.22;-0.05;7.17;13225;0.2;0.0244;0;0.2893;0.0003;92721;92927;335.349;0;101;-0.113;1.324;72249352;0.0244;0;0.2892;0.0003;0.687;38.942;0.06;5.82;2.733;191.797;192.224;1;-1;0;0;0;0;0;0;0;0;0;-1;0.00000000;0.00000000;0.00000000;0.00000000;0.00000000;0.00000000;0.00000000;
72249400;11.8;28.9;0;0;0;-74.6;8.26;1.36;0.02;7.98;13205;0.199;0.0244;0;0.2895;0.0003;92764;92970;37.0963;0;101;-0.116;1.323;72249369;0.0244;0;0.2893;0.0003;0.687;38.942;0.97;6.33;2.737;191.882;192.308;1;-1;0;0;0;0;0;0;0;0;0;-1;0.00000000;0.00000000;0.00000000;0.00000000;0.00000000;0.00000000;0.00000000;
72249433;11.8;28.9;0;0;0;-74.9;8.02;1.32;0;7.74;13198;0.199;0.0244;0;0.2896;0.0003;92807;93013;106.147;0;101;-0.115;1.323;72249400;0.0244;0;0.2895;0.0003;0.687;38.942;0.17;5.55;2.733;191.971;192.397;1;-1;0;0;0;0;0;0;0;0;0;-1;0.00000000;0.00000000;0.00000000;0.00000000;0.00000000;0.00000000;0.00000000;
72249467;11.8;28.9;0;0;0;-75.1;7.42;1.21;-0.01;7.09;13227;0.199;0.0244;0;0.2897;0.0003;92852;93058;288.788;0;101;-0.115;1.324;72249433;0.0244;0;0.2896;0.0003;0.687;38.942;1.66;7.69;2.731;192.06;192.486;1;-1;0;0;0;0;0;0;0;0;0;-1;0.00000000;0.00000000;0.00000000;0.00000000;0.00000000;0.00000000;0.00000000;
72249500;11.8;28.9;0;0;0;-75.2;8.46;1.4;0.03;8.21;13196;0.199;0.0244;0;0.2899;0.0003;92896;93102;37.5993;0;101;-0.116;1.323;72249468;0.0244;0;0.2897;0.0003;0.687;38.942;1.9;6.99;2.737;192.155;192.582;1;-1;0;0;0;0;0;0;0;0;0;-1;0.00000000;0.00000000;0.00000000;0.00000000;0.00000000;0.00000000;0.00000000;
72249534;11.8;28.9;0;0;0;-75.3;7.9;1.29;-0.15;7.62;13199;0.199;0.0245;0;0.29;0.0003;92939;93145;118.599;0;101;-0.115;1.324;72249501;0.0244;0;0.2899;0.0003;0.687;38.942;0.08;5.15;2.731;192.244;192.671;1;-1;0;0;0;0;0;0;0;0;0;-1;0.00000000;0.00000000;0.00000000;0.00000000;0.00000000;0.00000000;0.00000000;
72249552;11.8;28.9;0;0;0;-75.2;7.34;1.19;0.01;7;13220;0.199;0.0245;0;0.2901;0.0003;92963;93169;104.639;0;101;-0.114;1.324;72249534;0.0245;0;0.29;0.0003;0.687;38.942;2.59;8.8;2.731;192.335;192.762;1;-1;0;0;0;0;0;0;0;0;0;-1;0.00000000;0.00000000;0.00000000;0.00000000;0.00000000;0.00000000;0.00000000;
72249582;11.8;28.9;0;0;0;-75;7.6;1.25;0.09;7.32;13226;0.199;0.0245;0;0.2902;0.0003;93005;93211;94.7223;0;101;-0.112;1.324;72249552;0.0245;0;0.2901;0.0003;0.687;38.942;0.56;6.19;2.735;192.383;192.809;1;-1;0;0;0;0;0;0;0;0;0;-1;0.00000000;0.00000000;0.00000000;0.00000000;0.00000000;0.00000000;0.00000000;
72249617;11.8;28.9;0;0;0;-75;7.78;1.27;0.06;7.47;13222;0.199;0.0245;0;0.2904;0.0003;93050;93256;282.934;0;101;-0.114;1.324;72249583;0.0245;0;0.2902;0.0003;0.687;38.942;0.36;7.17;2.737;192.47;192.896;1;-1;0;0;0;0;0;0;0;0;0;-1;0.00000000;0.00000000;0.00000000;0.00000000;0.00000000;0.00000000;0.00000000;
72249651;11.8;28.9;0;0;0;-75.1;7.65;1.25;-0.21;7.33;13234;0.199;0.0245;0;0.2905;0.0003;93095;93301;65.3984;0;101;-0.114;1.324;72249617;0.0245;0;0.2904;0.0003;0.687;38.941;1.39;7.3;2.736;192.563;192.989;1;-1;0;0;0;0;0;0;0;0;0;-1;0.00000000;0.00000000;0.00000000;0.00000000;0.00000000;0.00000000;0.00000000;
72249684;11.8;29;0;0;0;-75.4;8;1.31;0.19;7.7;13212;0.199;0.0245;0;0.2906;0.0003;93138;93344;167.597;0;101;-0.115;1.323;72249651;0.0245;0;0.2905;0.0003;0.687;38.941;2.34;9.05;2.738;192.656;193.082;1;-1;0;0;0;0;0;0;0;0;0;-1;0.00000000;0.00000000;0.00000000;0.00000000;0.00000000;0.00000000;0.00000000;
72249719;11.8;29;0;0;0;-75.6;8.06;1.33;-0.05;7.81;13202;0.199;0.0245;0;0.2908;0.0003;93184;93390;8.44223;0;101;-0.116;1.323;72249684;0.0245;0;0.2906;0.0003;0.687;38.939;2.07;7.21;2.733;192.747;193.173;1;-1;0;0;0;0;0;0;0;0;0;-1;0.00000000;0.00000000;0.00000000;0.00000000;0.00000000;0.00000000;0.00000000;
72249748;11.8;29;0;0;0;-75.4;7.94;1.3;0.09;7.67;13202;0.199;0.0245;0;0.2909;0.0003;93217;93423;200.88;0;101;-0.117;1.323;72249720;0.0245;0;0.2908;0.0003;0.687;38.938;2.41;10.02;2.732;192.84;193.267;1;-1;0;0;0;0;0;0;0;0;0;-1;0.00000000;0.00000000;0.00000000;0.00000000;0.00000000;0.00000000;0.00000000;
72249783;11.8;29;0;0;0;-75.1;7.88;1.29;-0.02;7.58;13206;0.199;0.0245;0;0.2911;0.0003;93270;93476;148.753;0;101;-0.115;1.323;72249748;0.0245;0;0.2909;0.0003;0.687;38.937;-0.32;6.9;2.732;192.909;193.335;1;-1;0;0;0;0;0;0;0;0;0;-1;0.00000000;0.00000000;0.00000000;0.00000000;0.00000000;0.00000000;0.00000000;
72249805;11.8;29;0;0;0;-74.9;7.58;1.24;-0.02;7.3;13218;0.199;0.0245;0;0.2911;0.0003;93298;93504;24.306;0;101;-0.115;1.323;72249784;0.0245;0;0.2911;0.0003;0.687;38.935;0.73;5.63;2.733;193.018;193.445;1;-1;0;0;0;0;0;0;0;0;0;-1;0.00000000;0.00000000;0.00000000;0.00000000;0.00000000;0.00000000;0.00000000;
72249836;11.8;29;0;0;0;-74.9;8.06;1.32;-0.02;7.79;13209;0.199;0.0246;0;0.2913;0.0003;93339;93545;310.902;0;101;-0.116;1.323;72249806;0.0245;0;0.2911;0.0003;0.687;38.934;-0.18;7.05;2.735;193.076;193.502;1;-1;0;0;0;0;0;0;0;0;0;-1;0.00000000;0.00000000;0.00000000;0.00000000;0.00000000;0.00000000;0.00000000;
72249866;11.8;29;0;0;0;-74.8;7.41;1.2;-0.11;7.06;13229;0.199;0.0246;0;0.2914;0.0003;93378;93584;177.77;0;101;-0.113;1.324;72249836;0.0246;0;0.2913;0.0003;0.687;38.933;1.16;8.54;2.733;193.161;193.587;1;-1;0;0;0;0;0;0;0;0;0;-1;0.00000000;0.00000000;0.00000000;0.00000000;0.00000000;0.00000000;0.00000000;
72249900;11.8;29;0;0;0;-74.7;8.11;1.33;0;7.84;13220;0.199;0.0246;0;0.2916;0.0003;93425;93631;69.8111;0;101;-0.116;1.323;72249866;0.0246;0;0.2914;0.0003;0.687;38.932;2.78;8.87;2.737;193.244;193.67;1;-1;0;0;0;0;0;0;0;0;0;-1;0.00000000;0.00000000;0.00000000;0.00000000;0.00000000;0.00000000;0.00000000;
72249934;11.8;29;0;0;0;-74.9;7.91;1.29;0.12;7.59;13213;0.199;0.0246;0;0.2917;0.0003;93468;93674;164.852;0;101;-0.114;1.323;72249901;0.0246;0;0.2916;0.0003;0.687;38.93;1.45;8.59;2.735;193.339;193.765;1;-1;0;0;0;0;0;0;0;0;0;-1;0.00000000;0.00000000;0.00000000;0.00000000;0.00000000;0.00000000;0.00000000;
72249966;11.8;29;0;0;0;-75.1;7.49;1.23;-0.07;7.23;13227;0.199;0.0246;0;0.2919;0.0003;93513;93719;305.311;0;101;-0.113;1.324;72249934;0.0246;0;0.2917;0.0003;0.687;38.929;1.42;5.89;2.734;193.428;193.854;1;-1;0;0;0;0;0;0;0;0;0;-1;0.00000000;0.00000000;0.00000000;0.00000000;0.00000000;0.00000000;0.00000000;
72250000;11.8;29;0;0;0;-75.1;8.17;1.34;0;7.87;13214;0.199;0.0246;0;0.292;0.0003;93557;93763;89.3959;0;101;-0.115;1.323;72249967;0.0246;0;0.2919;0.0003;0.687;38.929;1.48;10.5;2.737;193.521;193.947;1;-1;0;0;0;0;0;0;0;0;0;-1;0.00000000;0.00000000;0.00000000;0.00000000;0.00000000;0.00000000;0.00000000;
72250033;11.8;29;0;0;0;-74.6;7.92;1.3;0;7.62;13209;0.2;0.0246;0;0.2921;0.0003;93600;93806;150.633;0;101;-0.114;1.323;72250001;0.0246;0;0.292;0.0003;0.687;38.928;-0.04;6.74;2.734;193.612;194.038;1;-1;0;0;0;0;0;0;0;0;0;-1;0.00000000;0.00000000;0.00000000;0.00000000;0.00000000;0.00000000;0.00000000;
72250052;11.8;29;0;0;0;-75.1;7.25;1.17;-0.06;6.85;13227;0.2;0.0246;0;0.2922;0.0003;93626;93832;244.92;0;101;-0.113;1.324;72250034;0.0246;0;0.2921;0.0003;0.687;38.928;-0.16;6.01;2.733;193.701;194.127;1;-1;0;0;0;0;0;0;0;0;0;-1;0.00000000;0.00000000;0.00000000;0.00000000;0.00000000;0.00000000;0.00000000;
72250084;11.8;29;0;0;0;-75;8.13;1.34;0.1;7.9;13206;0.199;0.0246;0;0.2923;0.0003;93667;93873;190.06;0;101;-0.114;1.323;72250053;0.0246;0;0.2922;0.0003;0.687;38.928;1.14;8.99;2.737;193.755;194.181;1;-1;0;0;0;0;0;0;0;0;0;-1;0.00000000;0.00000000;0.00000000;0.00000000;0.00000000;0.00000000;0.00000000;
72250123;11.8;29;0;0;0;-75.1;7.97;1.31;0.06;7.69;13205;0.199;0.0247;0;0.2925;0.0003;93718;93924;28.7872;0;101;-0.116;1.323;72250084;0.0246;0;0.2923;0.0003;0.687;38.927;0.92;9.18;2.733;193.84;194.266;1;-1;0;0;0;0;0;0;0;0;0;-1;0.00000000;0.00000000;0.00000000;0.00000000;0.00000000;0.00000000;0.00000000;
72250149;11.8;29;0;0;0;-75;7.39;1.2;-0.11;7.04;13227;0.2;0.0247;0;0.2926;0.0003;93753;93959;330.905;0;101;-0.113;1.324;72250124;0.0247;0;0.2925;0.0003;0.687;38.926;-0.04;7.16;2.733;193.945;194.372;1;-1;0;0;0;0;0;0;0;0;0;-1;0.00000000;0.00000000;0.00000000;0.00000000;0.00000000;0.00000000;0.00000000;
72250183;11.8;29;0;0;0;-75.2;7.95;1.3;-0.06;7.67;13218;0.199;0.0247;0;0.2927;0.0003;93798;94004;125.408;0;101;-0.115;1.323;72250149;0.0247;0;0.2926;0.0003;0.687;38.926;1.05;6.01;2.737;194.018;194.444;1;-1;0;0;0;0;0;0;0;0;0;-1;0.00000000;0.00000000;0.00000000;0.00000000;0.00000000;0.00000000;0.00000000;
72250217;11.8;29;0;0;0;-75.2;8.01;1.32;0.17;7.74;13203;0.2;0.0247;0;0.2929;0.0003;93843;94049;331.364;0;101;-0.115;1.324;72250183;0.0247;0;0.2927;0.0003;0.687;38.926;2.48;9.14;2.735;194.111;194.537;1;-1;0;0;0;0;0;0;0;0;0;-1;0.00000000;0.00000000;0.00000000;0.00000000;0.00000000;0.00000000;0.00000000;
72250250;11.8;29;0;0;0;-75.1;7.41;1.2;-0.2;7.06;13232;0.199;0.0247;0;0.293;0.0003;93886;94092;57.1956;0;101;-0.114;1.324;72250218;0.0247;0;0.2929;0.0003;0.687;38.926;0.4;5.9;2.732;194.204;194.63;1;-1;0;0;0;0;0;0;0;0;0;-1;0.00000000;0.00000000;0.00000000;0.00000000;0.00000000;0.00000000;0.00000000;
72250283;11.8;29.1;0;0;0;-75.3;8.27;1.36;0.12;8;13201;0.199;0.0247;0;0.2932;0.0003;93930;94136;172.415;0;101;-0.115;1.323;72250251;0.0247;0;0.293;0.0003;0.687;38.926;2.47;8.34;2.738;194.295;194.721;1;-1;0;0;0;0;0;0;0;0;0;-1;0.00000000;0.00000000;0.00000000;0.00000000;0.00000000;0.00000000;0.00000000;
72250320;11.8;29;0;0;0;-75.1;7.91;1.31;-0.05;7.68;13203;0.199;0.0247;0;0.2933;0.0003;93977;94183;83.2552;0;101;-0.116;1.323;72250284;0.0247;0;0.2932;0.0003;0.687;38.925;2.7;7.4;2.731;194.386;194.812;1;-1;0;0;0;0;0;0;0;0;0;-1;0.00000000;0.00000000;0.00000000;0.00000000;0.00000000;0.00000000;0.00000000;
72250362;11.8;29;0;0;0;-75.2;7.36;1.19;-0.15;6.98;13232;0.199;0.0247;0;0.2935;0.0003;94019;94225;63.123;0;101;-0.113;1.324;72250320;0.0247;0;0.2933;0.0003;0.687;38.925;0.59;8.41;2.732;194.481;194.908;1;-1;0;0;0;0;0;0;0;0;0;-1;0.00000000;0.00000000;0.00000000;0.00000000;0.00000000;0.00000000;0.00000000;
72250393;11.8;29.1;0;0;0;-75.2;7.98;1.3;0.23;7.66;13219;0.199;0.0248;0;0.2936;0.0003;94059;94265;354.017;0;101;-0.114;1.324;72250363;0.0247;0;0.2935;0.0003;0.687;38.925;2.63;9.27;2.738;194.568;194.995;1;-1;0;0;0;0;0;0;0;0;0;-1;0.00000000;0.00000000;0.00000000;0.00000000;0.00000000;0.00000000;0.00000000;
72250423;11.8;29.1;0;0;0;-75.3;8.04;1.32;0.02;7.76;13204;0.2;0.0248;0;0.2937;0.0003;94099;94305;233.885;0;101;-0.115;1.324;72250393;0.0248;0;0.2936;0.0003;0.687;38.926;2.58;7.74;2.735;194.653;195.079;1;-1;0;0;0;0;0;0;0;0;0;-1;0.00000000;0.00000000;0.00000000;0.00000000;0.00000000;0.00000000;0.00000000;
72250455;11.8;29.1;0;0;0;-75.1;7.57;1.24;-0.09;7.3;13220;0.199;0.0248;0;0.2938;0.0003;94141;94347;191.761;0;101;-0.115;1.324;72250424;0.0248;0;0.2937;0.0003;0.687;38.926;2.64;9.83;2.732;194.736;195.162;1;-1;0;0;0;0;0;0;0;0;0;-1;0.00000000;0.00000000;0.00000000;0.00000000;0.00000000;0.00000000;0.00000000;
72250498;11.8;29.1;0;0;0;-75.3;8.07;1.32;-0.02;7.79;13210;0.199;0.0248;0;0.2941;0.0003;94198;94404;11.6883;0;101;-0.115;1.324;72250456;0.0248;0;0.2938;0.0003;0.687;38.926;0.5;8.92;2.736;194.821;195.247;1;-1;0;0;0;0;0;0;0;0;0;-1;0.00000000;0.00000000;0.00000000;0.00000000;0.00000000;0.00000000;0.00000000;
72250532;11.8;29.1;0;0;0;-75.2;7.87;1.29;0.14;7.56;13209;0.199;0.0248;0;0.2942;0.0003;94240;94446;42.4313;0;101;-0.115;1.324;72250499;0.0248;0;0.2941;0.0003;0.687;38.927;1.76;9.02;2.733;194.939;195.365;1;-1;0;0;0;0;0;0;0;0;0;-1;0.00000000;0.00000000;0.00000000;0.00000000;0.00000000;0.00000000;0.00000000;
72250564;11.8;29.1;0;0;0;-75.4;7.46;1.22;-0.17;7.2;13227;0.199;0.0248;0;0.2943;0.0003;94284;94490;132.466;0;101;-0.113;1.324;72250532;0.0248;0;0.2942;0.0003;0.687;38.927;0.16;5.53;2.733;195.026;195.452;1;-1;0;0;0;0;0;0;0;0;0;-1;0.00000000;0.00000000;0.00000000;0.00000000;0.00000000;0.00000000;0.00000000;
72250599;11.8;29.1;0;0;0;-75.3;8.09;1.33;0.12;7.81;13213;0.199;0.0248;0;0.2945;0.0003;94330;94536;23.6027;0;101;-0.116;1.324;72250565;0.0248;0;0.2943;0.0003;0.687;38.928;0.87;9.17;2.737;195.117;195.543;1;-1;0;0;0;0;0;0;0;0;0;-1;0.00000000;0.00000000;0.00000000;0.00000000;0.00000000;0.00000000;0.00000000;
72250632;11.8;29.1;0;0;0;-75.2;7.78;1.27;0;7.44;13215;0.2;0.0248;0;0.2946;0.0003;94372;94578;42.7358;0;101;-0.115;1.324;72250600;0.0248;0;0.2945;0.0003;0.687;38.929;-0.04;7.44;2.734;195.212;195.638;1;-1;0;0;0;0;0;0;0;0;0;-1;0.00000000;0.00000000;0.00000000;0.00000000;0.00000000;0.00000000;0.00000000;
72250650;11.8;29.1;0;0;0;-75.3;-1.76;-0.24;-0.32;-1.55;12737;0.177;0.0248;0;0.2946;0.0003;94411;94617;188.778;0;101;-0.066;1.14;72250632;0.0248;0;0.2946;0.0003;0.687;38.93;0.78;5.68;2.735;195.299;195.725;1;-1;0;0;0;0;0;0;0;0;0;-1;0.00000000;0.00000000;0.00000000;0.00000000;0.00000000;0.00000000;0.00000000;
72250684;11.8;29.1;0;0;0;-75;-1.08;-0.12;0.02;-0.72;12497;0.166;0.0248;0;0.2946;0.0003;94453;94659;183.967;0;101;-0.069;1.169;72250650;0.0248;0;0.2946;0.0003;0.687;38.936;0.31;1.99;2.637;195.379;195.806;1;-1;0;0;0;0;0;0;0;0;0;-1;0.00000000;0.00000000;0.00000000;0.00000000;0.00000000;0.00000000;0.00000000;
72250717;11.8;29.1;0;0;0;-74.8;-1;-0.12;0.05;-0.78;12025;0.163;0.0248;0;0.2946;0.0003;94489;94695;219.149;0;101;-0.063;1.085;72250684;0.0248;0;0.2946;0.0003;0.687;38.944;0.15;2.9;2.585;195.466;195.893;1;-1;0;0;0;0;0;0;0;0;0;-1;0.00000000;0.00000000;0.00000000;0.00000000;0.00000000;0.00000000;0.00000000;
72250750;11.8;29.1;0;0;0;-74.8;-0.89;-0.09;-0.05;-0.55;11505;0.143;0.0248;0;0.2946;0.0003;94526;94732;258.472;0;101;-0.057;1.038;72250717;0.0248;0;0.2946;0.0003;0.688;38.951;-0.13;-2.8;2.488;195.541;195.967;1;-1;0;0;0;0;0;0;0;0;0;-1;0.00000000;0.00000000;0.00000000;0.00000000;0.00000000;0.00000000;0.00000000;
72250784;11.8;29.1;0;0;0;-75;-1.07;-0.11;-0.06;-0.79;10899;0.137;0.0248;0;0.2946;0.0003;94559;94765;96.6275;0;101;-0.05;0.96;72250751;0.0248;0;0.2946;0.0003;0.688;38.958;-0.66;1.94;2.38;195.617;196.044;1;-1;0;0;0;0;0;0;0;0;0;-1;0.00000000;0.00000000;0.00000000;0.00000000;0.00000000;0.00000000;0.00000000;
72250818;11.8;29.1;0;0;0;-75.1;-1.16;-0.11;-0.03;-0.8;10371;0.125;0.0248;0;0.2946;0.0003;94591;94797;181.663;0;101;-0.046;0.921;72250784;0.0248;0;0.2946;0.0003;0.688;38.965;-0.52;-1.9;2.254;195.686;196.112;1;-1;0;0;0;0;0;0;0;0;0;-1;0.00000000;0.00000000;0.00000000;0.00000000;0.00000000;0.00000000;0.00000000;
72250863;11.8;29.1;0;0;0;-75.2;-1.12;-0.1;-0.03;-0.88;9690;0.122;0.0248;0;0.2946;0.0004;94618;94824;55.6197;0;101;-0.038;0.828;72250818;0.0248;0;0.2946;0.0003;0.688;38.972;0.57;2.06;2.145;195.752;196.178;1;-1;0;0;0;0;0;0;0;0;0;-1;0.00000000;0.00000000;0.00000000;0.00000000;0.00000000;0.00000000;0.00000000;
72250895;11.8;29.1;0;0;0;-75.1;-0.9;-0.07;0.02;-0.61;9129;0.106;0.0248;0;0.2946;0.0004;94646;94852;246.437;0;101;-0.035;0.801;72250863;0.0248;0;0.2946;0.0004;0.688;38.978;0.7;1.73;2.004;195.81;196.236;1;-1;0;0;0;0;0;0;0;0;0;-1;0.00000000;0.00000000;0.00000000;0.00000000;0.00000000;0.00000000;0.00000000;
72250931;11.8;29.1;0;0;0;-75;-0.99;-0.08;0.01;-0.77;8436;0.1;0.0248;0;0.2946;0.0004;94672;94878;19.7579;0;101;-0.028;0.721;72250896;0.0248;0;0.2946;0.0004;0.688;38.983;0.33;1.41;1.888;195.866;196.292;1;-1;0;0;0;0;0;0;0;0;0;-1;0.00000000;0.00000000;0.00000000;0.00000000;0.00000000;0.00000000;0.00000000;
72250965;11.8;29.2;0;0;0;-74.8;-1;-0.07;-0.03;-0.75;7862;0.089;0.0248;0;0.2946;0.0004;94696;94902;14.5912;0;101;-0.025;0.681;72250931;0.0248;0;0.2946;0.0004;0.688;38.989;-0.43;-1.92;1.745;195.92;196.346;1;-1;0;0;0;0;0;0;0;0;0;-1;0.00000000;0.00000000;0.00000000;0.00000000;0.00000000;0.00000000;0.00000000;
72250998;11.8;29.2;0;0;0;-74.7;-1.14;-0.08;-0.01;-0.89;7384;0.084;0.0248;0;0.2946;0.0004;94719;94925;312.278;0;101;-0.021;0.648;72250965;0.0248;0;0.2946;0.0004;0.688;38.994;-0.33;-1.6;1.625;195.969;196.396;1;-1;0;0;0;0;0;0;0;0;0;-1;0.00000000;0.00000000;0.00000000;0.00000000;0.00000000;0.00000000;0.00000000;
72251034;11.8;29.2;0;0;0;-75;-1.07;-0.07;0;-0.9;6778;0.08;0.0248;0;0.2946;0.0004;94738;94944;57.4832;0;101;-0.016;0.57;72250998;0.0248;0;0.2946;0.0004;0.688;39;-0.1;0.96;1.527;196.017;196.443;1;-1;0;0;0;0;0;0;0;0;0;-1;0.00000000;0.00000000;0.00000000;0.00000000;0.00000000;0.00000000;0.00000000;
72251066;11.8;29.2;0;0;0;-74.8;-1.01;-0.06;0;-0.83;6258;0.074;0.0248;0;0.2946;0.0004;94756;94962;52.4032;0;101;-0.013;0.53;72251034;0.0248;0;0.2946;0.0004;0.689;39.005;0.29;1.08;1.402;196.058;196.485;1;-1;0;0;0;0;0;0;0;0;0;-1;0.00000000;0.00000000;0.00000000;0.00000000;0.00000000;0.00000000;0.00000000;
72251099;11.8;29.2;0;0;0;-74.7;-0.97;-0.05;-0.05;-0.74;5801;0.063;0.0248;0;0.2946;0.0004;94773;94979;359.812;0;101;-0.009;0.499;72251066;0.0248;0;0.2946;0.0004;0.689;39.01;0.17;-1.58;1.294;196.093;196.52;1;-1;0;0;0;0;0;0;0;0;0;-1;0.00000000;0.00000000;0.00000000;0.00000000;0.00000000;0.00000000;0.00000000;
72251118;11.8;29.2;0;0;0;-74.7;-0.99;-0.05;0.04;-0.81;5276;0.058;0.0248;0;0.2946;0.0004;94788;94994;139.646;0;101;-0.006;0.432;72251099;0.0248;0;0.2946;0.0004;0.689;39.015;0.08;0.85;1.199;196.131;196.557;1;-1;0;0;0;0;0;0;0;0;0;-1;0.00000000;0.00000000;0.00000000;0.00000000;0.00000000;0.00000000;0.00000000;
72251151;11.8;29.2;0;0;0;-74.6;-1.07;-0.05;-0.06;-0.86;4853;0.052;0.0248;0;0.2946;0.0004;94802;95008;252.353;0;101;-0.002;0.41;72251118;0.0248;0;0.2946;0.0004;0.689;39.019;-0.14;-1.03;1.091;196.16;196.586;1;-1;0;0;0;0;0;0;0;0;0;-1;0.00000000;0.00000000;0.00000000;0.00000000;0.00000000;0.00000000;0.00000000;
72251182;11.8;29.2;0;0;0;-74.7;-1.06;-0.04;0;-0.87;4407;0.048;0.0248;0;0.2946;0.0004;94814;95020;253.679;0;101;0;0.365;72251151;0.0248;0;0.2946;0.0004;0.689;39.024;-0.09;-1.03;1.003;196.189;196.615;1;-1;0;0;0;0;0;0;0;0;0;-1;0.00000000;0.00000000;0.00000000;0.00000000;0.00000000;0.00000000;0.00000000;
72251216;11.8;29.2;0;0;0;-74.8;-1.12;-0.04;-0.03;-0.9;4042;0.043;0.0248;0;0.2946;0.0004;94826;95032;244.74;0;101;0;0.346;72251183;0.0248;0;0.2946;0.0004;0.689;39.029;-0.13;-1.52;0.911;196.213;196.64;1;-1;0;0;0;0;0;0;0;0;0;-1;0.00000000;0.00000000;0.00000000;0.00000000;0.00000000;0.00000000;0.00000000;
72251250;11.8;29.2;0;0;0;-74.8;-1.1;-0.04;0.05;-0.91;3660;0.041;0.0248;0;0.2946;0.0004;94836;95042;147.272;0;101;0.001;0.307;72251218;0.0248;0;0.2946;0.0004;0.689;39.034;0;0.31;0.836;196.238;196.665;1;-1;0;0;0;0;0;0;0;0;0;-1;0.00000000;0.00000000;0.00000000;0.00000000;0.00000000;0.00000000;0.00000000;
72251284;11.8;29.2;0;0;0;-74.9;-1.06;-0.03;-0.05;-0.85;3286;0.035;0.0248;0;0.2946;0.0005;94845;95051;338.277;0;101;0.007;0.277;72251251;0.0248;0;0.2946;0.0004;0.689;39.04;-0.07;-1.5;0.757;196.259;196.685;1;-1;0;0;0;0;0;0;0;0;0;-1;0.00000000;0.00000000;0.00000000;0.00000000;0.00000000;0.00000000;0.00000000;
72251305;11.8;29.2;0;0;0;-74.8;-1.12;-0.03;-0.04;-0.92;3062;0.032;0.0248;0;0.2946;0.0005;94850;95056;297.276;0;101;0.009;0.255;72251285;0.0248;0;0.2946;0.0005;0.689;39.045;-0.03;-1.23;0.679;196.278;196.704;1;-1;0;0;0;0;0;0;0;0;0;-1;0.00000000;0.00000000;0.00000000;0.00000000;0.00000000;0.00000000;0.00000000;
72251336;11.8;29.2;0;0;0;-75.1;-0.97;-0.02;0.01;-0.81;2722;0.026;0.0248;0;0.2946;0.0005;94857;95063;333.384;0;101;0.011;0.231;72251306;0.0248;0;0.2946;0.0005;0.689;39.048;0;-1.07;0.633;196.288;196.714;1;-1;0;0;0;0;0;0;0;0;0;-1;0.00000000;0.00000000;0.00000000;0.00000000;0.00000000;0.00000000;0.00000000;
72251367;11.8;29.2;0;0;0;-75.1;-0.98;-0.02;-0.02;-0.89;2394;0.022;0.0248;0;0.2946;0.0005;94862;95068;297.677;0;101;0.012;0.202;72251337;0.0248;0;0.2946;0.0005;0.689;39.053;-0.02;-0.96;0.562;196.302;196.729;1;-1;0;0;0;0;0;0;0;0;0;-1;0.00000000;0.00000000;0.00000000;0.00000000;0.00000000;0.00000000;0.00000000;
72251400;11.8;29.2;0;0;0;-74.8;-0.77;-0.01;0.06;-0.73;1958;0.012;0.0248;0;0.2946;0.0005;94867;95073;214.935;0;101;0.002;0.148;72251367;0.0248;0;0.2946;0.0005;0.689;39.058;0;-0.61;0.495;196.313;196.739;1;-1;0;0;0;0;0;0;0;0;0;-1;0.00000000;0.00000000;0.00000000;0.00000000;0.00000000;0.00000000;0.00000000;
72251435;11.8;29.2;0;0;0;-75.2;-0.71;0;0.06;-0.66;1243;0.005;0.0248;0;0.2946;0.0005;94869;95075;353.288;0;101;0.001;0.077;72251401;0.0248;0;0.2946;0.0005;0.69;39.063;-0.01;-0.96;0.404;196.323;196.749;1;-1;0;0;0;0;0;0;0;0;0;-1;0.00000000;0.00000000;0.00000000;0.00000000;0.00000000;0.00000000;0.00000000;
72251467;11.8;29.2;0;0;0;-75;-0.4;0;0.13;0.33;-124;-0.007;0.0248;0;0.2946;0.0005;94868;95076;292.481;0;101;-0.016;-0.011;72251435;0.0248;0;0.2946;0.0005;0.69;39.069;-0.01;-0.92;0.257;196.327;196.754;1;-1;0;0;0;0;0;0;0;0;0;-1;0.00000000;0.00000000;0.00000000;0.00000000;0.00000000;0.00000000;0.00000000;
72251500;11.8;29.2;0;0;0;-75;0.82;0;-0.34;-0.62;20;-0.01;0.0248;0;0.2946;0.0005;94869;95077;314.99;0;101;0.059;-0.005;72251467;0.0248;0;0.2946;0.0005;0.69;39.073;-0.01;-1.27;-0.026;196.325;196.756;1;-1;0;0;0;0;0;0;0;0;0;-1;0.00000000;0.00000000;0.00000000;0.00000000;0.00000000;0.00000000;0.00000000;
72251540;11.8;29.2;0;0;0;-75;-0.02;0;0.01;-0.05;9;0;0.0248;0;0.2946;0.0005;94869;95077;319.216;0;101;-0.001;0.002;72251501;0.0248;0;0.2946;0.0005;0.69;39.078;0;0.49;0.004;196.327;196.758;1;-1;0;0;0;0;0;0;0;0;0;-1;0.00000000;0.00000000;0.00000000;0.00000000;0.00000000;0.00000000;0.00000000;
72251549;11.8;29.2;0;0;0;-74.9;-0.13;0;0.07;-0.1;33;0;0.0248;0;0.2946;0.0005;94869;95077;330.23;0;101;-0.017;0.022;72251540;0.0248;0;0.2946;0.0005;0.69;39.084;0;-0.18;0.001;196.327;196.758;1;-1;0;0;0;0;0;0;0;0;0;-1;0.00000000;0.00000000;0.00000000;0.00000000;0.00000000;0.00000000;0.00000000;
72251583;11.8;29.2;0;0;0;-74.7;-0.12;0;0.04;-0.11;141;0;0.0248;0;0.2946;0.0005;94870;95078;30.92;0;101;-0.011;0.032;72251550;0.0248;0;0.2946;0.0005;0.69;39.086;0;-0.23;0.006;196.327;196.758;1;-1;0;0;0;0;0;0;0;0;0;-1;0.00000000;0.00000000;0.00000000;0.00000000;0.00000000;0.00000000;0.00000000;
72251616;11.8;29.3;0;0;0;-74.9;-0.14;0;-0.08;-0.1;176;0;0.0248;0;0.2946;0.0005;94871;95079;79.4787;0;101;0.02;0.028;72251584;0.0248;0;0.2946;0.0005;0.69;39.091;0;-0.14;0.029;196.329;196.76;1;-1;0;0;0;0;0;0;0;0;0;-1;0.00000000;0.00000000;0.00000000;0.00000000;0.00000000;0.00000000;0.00000000;
72251649;11.8;29.3;0;0;0;-75;-0.11;0;-0.13;-0.03;156;0;0.0248;0;0.2946;0.0005;94871;95079;105.146;0;101;0.033;0.012;72251616;0.0248;0;0.2946;0.0005;0.69;39.096;0;-0.23;0.036;196.331;196.762;1;-1;0;0;0;0;0;0;0;0;0;-1;0.00000000;0.00000000;0.00000000;0.00000000;0.00000000;0.00000000;0.00000000;
72251683;11.8;29.3;0;0;0;-75.2;-0.05;0;-0.12;0.01;125;0;0.0248;0;0.2946;0.0005;94872;95080;121.355;0;101;0.034;-0.002;72251651;0.0248;0;0.2946;0.0005;0.69;39.101;0;0.17;0.032;196.331;196.762;1;-1;0;0;0;0;0;0;0;0;0;-1;0.00000000;0.00000000;0.00000000;0.00000000;0.00000000;0.00000000;0.00000000;
72251716;11.8;29.3;0;0;0;-75.6;-0.13;0;-0.12;0.04;99;0;0.0248;0;0.2946;0.0005;94872;95080;133.339;0;101;0.033;-0.01;72251684;0.0248;0;0.2946;0.0005;0.69;39.106;0;-0.12;0.025;196.333;196.764;1;-1;0;0;0;0;0;0;0;0;0;-1;0.00000000;0.00000000;0.00000000;0.00000000;0.00000000;0.00000000;0.00000000;
72251748;11.8;29.3;0;0;0;-75.2;-0.14;0;-0.12;0.06;3;0;0.0248;0;0.2946;0.0005;94872;95080;134.999;0;101;0.033;-0.013;72251718;0.0248;0;0.2946;0.0005;0.69;39.112;0;-0.16;0.02;196.333;196.764;1;-1;0;0;0;0;0;0;0;0;0;-1;0.00000000;0.00000000;0.00000000;0.00000000;0.00000000;0.00000000;0.00000000;
72251782;11.8;29.3;0;0;0;-74.9;-0.13;0;-0.11;0.06;0;0;0.0248;0;0.2946;0.0005;94872;95080;135;0;101;0.032;-0.013;72251748;0.0248;0;0.2946;0.0005;0.69;39.117;0;-0.12;0;196.333;196.764;1;-1;0;0;0;0;0;0;0;0;0;-1;0.00000000;0.00000000;0.00000000;0.00000000;0.00000000;0.00000000;0.00000000;
72251800;11.8;29.3;0;0;0;-75.3;-0.13;0;-0.11;0.06;0;0;0.0248;0;0.2946;0.0005;94872;95080;135;0;101;0.031;-0.014;72251783;0.0248;0;0.2946;0.0005;0.691;39.123;0;-0.19;0;196.333;196.764;1;-1;0;0;0;0;0;0;0;0;0;-1;0.00000000;0.00000000;0.00000000;0.00000000;0.00000000;0.00000000;0.00000000;
72251834;11.8;29.3;0;0;0;-75.4;-0.14;0;-0.12;0.06;0;0;0.0248;0;0.2946;0.0005;94872;95080;135;0;101;0.033;-0.012;72251800;0.0248;0;0.2946;0.0005;0.691;39.126;0;-0.09;0;196.333;196.764;1;-1;0;0;0;0;0;0;0;0;0;-1;0.00000000;0.00000000;0.00000000;0.00000000;0.00000000;0.00000000;0.00000000;
72251866;11.8;29.3;0;0;0;-75.4;-0.16;0;-0.14;0.07;0;0;0.0248;0;0.2946;0.0005;94872;95080;135;0;101;0.034;-0.011;72251834;0.0248;0;0.2946;0.0005;0.691;39.131;0;-0.21;0;196.333;196.764;1;-1;0;0;0;0;0;0;0;0;0;-1;0.00000000;0.00000000;0.00000000;0.00000000;0.00000000;0.00000000;0.00000000;
72251900;11.8;29.3;0;0;0;-75;-0.13;0;-0.11;0.06;0;0;0.0248;0;0.2946;0.0005;94872;95080;135;0;101;0.031;-0.014;72251866;0.0248;0;0.2946;0.0005;0.691;39.136;0;-0.24;0;196.333;196.764;1;-1;0;0;0;0;0;0;0;0;0;-1;0.00000000;0.00000000;0.00000000;0.00000000;0.00000000;0.00000000;0.00000000;
72251932;11.8;29.3;0;0;0;-75;-0.13;0;-0.12;0.06;0;0;0.0248;0;0.2946;0.0005;94872;95080;135;0;101;0.033;-0.013;72251900;0.0248;0;0.2946;0.0005;0.691;39.141;0;-0.18;0;196.333;196.764;1;-1;0;0;0;0;0;0;0;0;0;-1;0.00000000;0.00000000;0.00000000;0.00000000;0.00000000;0.00000000;0.00000000;
72251966;11.8;29.3;0;0;0;-75;-0.13;0;-0.11;0.06;0;0;0.0248;0;0.2946;0.0005;94872;95080;134.991;0;101;0.033;-0.013;72251933;0.0248;0;0.2946;0.0005;0.691;39.146;0;-0.21;0;196.333;196.764;1;-1;0;0;0;0;0;0;0;0;0;-1;0.00000000;0.00000000;0.00000000;0.00000000;0.00000000;0.00000000;0.00000000;
72252000;11.8;29.3;0;0;0;-74.9;-0.14;0;-0.12;0.06;0;0;0.0248;0;0.2946;0.0005;94872;95080;135;0;101;0.033;-0.012;72251966;0.0248;0;0.2946;0.0005;0.691;39.152;0;-0.13;0;196.333;196.764;1;-1;0;0;0;0;0;0;0;0;0;-1;0.00000000;0.00000000;0.00000000;0.00000000;0.00000000;0.00000000;0.00000000;
72252032;11.8;29.3;0;0;0;-74.9;-0.14;0;-0.11;0.06;0;0;0.0248;0;0.2946;0.0005;94872;95080;135;0;101;0.031;-0.014;72252000;0.0248;0;0.2946;0.0005;0.691;39.157;0;-0.2;0;196.333;196.764;1;-1;0;0;0;0;0;0;0;0;0;-1;0.00000000;0.00000000;0.00000000;0.00000000;0.00000000;0.00000000;0.00000000;
72252065;11.8;29.3;0;0;0;-75;-0.14;0;-0.12;0.06;0;0;0.0248;0;0.2946;0.0005;94872;95080;135;0;101;0.033;-0.012;72252033;0.0248;0;0.2946;0.0005;0.691;39.163;0;-0.17;0;196.333;196.764;1;-1;0;0;0;0;0;0;0;0;0;-1;0.00000000;0.00000000;0.00000000;0.00000000;0.00000000;0.00000000;0.00000000;
72252083;11.8;29.3;0;0;0;-75.2;-0.14;0;-0.11;0.07;0;0;0.0248;0;0.2946;0.0005;94872;95080;135;0;101;0.032;-0.013;72252065;0.0248;0;0.2946;0.0005;0.691;39.169;0;-0.28;0;196.333;196.764;1;-1;0;0;0;0;0;0;0;0;0;-1;0.00000000;0.00000000;0.00000000;0.00000000;0.00000000;0.00000000;0.00000000;
72252115;11.8;29.3;0;0;0;-75;-0.13;0;-0.11;0.06;0;0;0.0248;0;0.2946;0.0005;94872;95080;135;0;101;0.033;-0.012;72252083;0.0248;0;0.2946;0.0005;0.691;39.172;0;-0.21;0;196.333;196.764;1;-1;0;0;0;0;0;0;0;0;0;-1;0.00000000;0.00000000;0.00000000;0.00000000;0.00000000;0.00000000;0.00000000;
72252150;11.8;29.3;0;0;0;-74.9;-0.12;0;-0.1;0.06;0;0;0.0248;0;0.2946;0.0005;94872;95080;135;0;101;0.031;-0.014;72252115;0.0248;0;0.2946;0.0005;0.692;39.177;0;-0.25;0;196.333;196.764;1;-1;0;0;0;0;0;0;0;0;0;-1;0.00000000;0.00000000;0.00000000;0.00000000;0.00000000;0.00000000;0.00000000;
72252183;11.8;29.3;0;0;0;-74.9;-0.15;0;-0.13;0.07;0;0;0.0248;0;0.2946;0.0005;94872;95080;135;0;101;0.034;-0.012;72252151;0.0248;0;0.2946;0.0005;0.692;39.183;0;-0.24;0;196.333;196.764;1;-1;0;0;0;0;0;0;0;0;0;-1;0.00000000;0.00000000;0.00000000;0.00000000;0.00000000;0.00000000;0.00000000;
72252217;11.8;29.3;0;0;0;-75;-0.14;0;-0.12;0.06;0;0;0.0248;0;0.2946;0.0005;94872;95080;135;0;101;0.033;-0.012;72252183;0.0248;0;0.2946;0.0005;0.692;39.189;0;-0.19;0;196.333;196.764;1;-1;0;0;0;0;0;0;0;0;0;-1;0.00000000;0.00000000;0.00000000;0.00000000;0.00000000;0.00000000;0.00000000;
72252249;11.8;29.3;0;0;0;-74.8;-0.15;0;-0.13;0.07;0;0;0.0248;0;0.2946;0.0005;94872;95080;135;0;101;0.033;-0.012;72252217;0.0248;0;0.2946;0.0005;0.692;39.194;0;-0.18;0;196.333;196.764;1;-1;0;0;0;0;0;0;0;0;0;-1;0.00000000;0.00000000;0.00000000;0.00000000;0.00000000;0.00000000;0.00000000;
72252283;11.8;29.3;0;0;0;-74.8;-0.13;0;-0.11;0.06;0;0;0.0248;0;0.2946;0.0005;94872;95080;135;0;101;0.033;-0.013;72252250;0.0248;0;0.2946;0.0005;0.692;39.2;0;-0.22;0;196.333;196.764;1;-1;0;0;0;0;0;0;0;0;0;-1;0.00000000;0.00000000;0.00000000;0.00000000;0.00000000;0.00000000;0.00000000;
72252316;11.8;29.3;0;0;0;-74.8;-0.14;0;-0.12;0.07;0;0;0.0248;0;0.2946;0.0005;94872;95080;135;0;101;0.033;-0.013;72252284;0.0248;0;0.2946;0.0005;0.692;39.205;0;-0.23;0;196.333;196.764;1;-1;0;0;0;0;0;0;0;0;0;-1;0.00000000;0.00000000;0.00000000;0.00000000;0.00000000;0.00000000;0.00000000;
72252332;11.8;29.3;0;0;0;-74.7;-0.14;0;-0.12;0.06;0;0;0.0248;0;0.2946;0.0005;94872;95080;134.997;0;101;0.03;-0.015;72252316;0.0248;0;0.2946;0.0005;0.692;39.21;0;-0.17;0;196.333;196.764;1;-1;0;0;0;0;0;0;0;0;0;-1;0.00000000;0.00000000;0.00000000;0.00000000;0.00000000;0.00000000;0.00000000;
72252381;11.8;29.3;0;0;0;-74.6;-0.13;0;-0.1;0.06;0;0;0.0248;0;0.2946;0.0005;94872;95080;135;0;101;0.031;-0.014;72252332;0.0248;0;0.2946;0.0005;0.692;39.213;0;-0.22;0;196.333;196.764;1;-1;0;0;0;0;0;0;0;0;0;-1;0.00000000;0.00000000;0.00000000;0.00000000;0.00000000;0.00000000;0.00000000;
72252399;11.8;29.3;0;0;0;-74.8;-0.14;0;-0.12;0.06;0;0;0.0248;0;0.2946;0.0005;94872;95080;135;0;101;0.031;-0.014;72252382;0.0248;0;0.2946;0.0005;0.692;39.218;0;-0.12;0;196.333;196.764;1;-1;0;0;0;0;0;0;0;0;0;-1;0.00000000;0.00000000;0.00000000;0.00000000;0.00000000;0.00000000;0.00000000;
72252433;11.8;29.3;0;0;0;-75;-0.14;0;-0.12;0.06;0;0;0.0248;0;0.2946;0.0005;94872;95080;135;0;101;0.032;-0.013;72252415;0.0248;0;0.2946;0.0005;0.692;39.223;0;-0.26;0;196.333;196.764;1;-1;0;0;0;0;0;0;0;0;0;-1;0.00000000;0.00000000;0.00000000;0.00000000;0.00000000;0.00000000;0.00000000;
72252467;11.8;29.3;0;0;0;-74.8;-0.14;0;-0.12;0.06;0;0;0.0248;0;0.2946;0.0005;94872;95080;134.988;0;101;0.031;-0.014;72252433;0.0248;0;0.2946;0.0005;0.692;39.228;0;-0.26;0;196.333;196.764;1;-1;0;0;0;0;0;0;0;0;0;-1;0.00000000;0.00000000;0.00000000;0.00000000;0.00000000;0.00000000;0.00000000;
72252498;11.8;29.3;0;0;0;-74.8;-0.13;0;-0.11;0.06;0;0;0.0248;0;0.2946;0.0005;94872;95080;135;0;101;0.034;-0.012;72252467;0.0248;0;0.2946;0.0005;0.693;39.233;0;-0.16;0;196.333;196.764;1;-1;0;0;0;0;0;0;0;0;0;-1;0.00000000;0.00000000;0.00000000;0.00000000;0.00000000;0.00000000;0.00000000;
72252532;11.8;29.4;0;0;0;-75.4;-0.14;0;-0.12;0.07;0;0;0.0248;0;0.2946;0.0005;94872;95080;135;0;101;0.034;-0.012;72252499;0.0248;0;0.2946;0.0005;0.693;39.237;0;-0.16;0;196.333;196.764;1;-1;0;0;0;0;0;0;0;0;0;-1;0.00000000;0.00000000;0.00000000;0.00000000;0.00000000;0.00000000;0.00000000;
72252551;11.8;29.4;0;0;0;-75.1;-0.14;0;-0.12;0.07;0;0;0.0248;0;0.2946;0.0005;94872;95080;135;0;101;0.032;-0.014;72252532;0.0248;0;0.2946;0.0005;0.693;39.241;0;-0.18;0;196.333;196.764;1;-1;0;0;0;0;0;0;0;0;0;-1;0.00000000;0.00000000;0.00000000;0.00000000;0.00000000;0.00000000;0.00000000;
72252583;11.8;29.4;0;0;0;-75.3;-0.14;0;-0.12;0.07;0;0;0.0248;0;0.2946;0.0005;94872;95080;135;0;101;0.032;-0.013;72252552;0.0248;0;0.2946;0.0005;0.693;39.243;0;-0.16;0;196.333;196.764;1;-1;0;0;0;0;0;0;0;0;0;-1;0.00000000;0.00000000;0.00000000;0.00000000;0.00000000;0.00000000;0.00000000;
72252616;11.8;29.4;0;0;0;-75.5;-0.13;0;-0.1;0.06;0;0;0.0248;0;0.2946;0.0005;94872;95080;135;0;101;0.03;-0.015;72252584;0.0248;0;0.2946;0.0005;0.693;39.247;0;-0.16;0;196.333;196.764;1;-1;0;0;0;0;0;0;0;0;0;-1;0.00000000;0.00000000;0.00000000;0.00000000;0.00000000;0.00000000;0.00000000;
72252649;11.8;29.4;0;0;0;-75.1;-0.13;0;-0.11;0.06;0;0;0.0248;0;0.2946;0.0005;94872;95080;135;0;101;0.032;-0.013;72252616;0.0248;0;0.2946;0.0005;0.693;39.251;0;-0.18;0;196.333;196.764;1;-1;0;0;0;0;0;0;0;0;0;-1;0.00000000;0.00000000;0.00000000;0.00000000;0.00000000;0.00000000;0.00000000;
72252683;11.8;29.4;0;0;0;-75;-0.14;0;-0.12;0.07;0;0;0.0248;0;0.2946;0.0005;94872;95080;134.99;0;101;0.032;-0.013;72252650;0.0248;0;0.2946;0.0005;0.693;39.254;0;-0.15;0;196.333;196.764;1;-1;0;0;0;0;0;0;0;0;0;-1;0.00000000;0.00000000;0.00000000;0.00000000;0.00000000;0.00000000;0.00000000;
72252716;11.8;29.4;0;0;0;-75.3;-0.14;0;-0.12;0.07;0;0;0.0248;0;0.2946;0.0005;94872;95080;135;0;101;0.033;-0.013;72252683;0.0248;0;0.2946;0.0005;0.693;39.258;0;-0.2;0;196.333;196.764;1;-1;0;0;0;0;0;0;0;0;0;-1;0.00000000;0.00000000;0.00000000;0.00000000;0.00000000;0.00000000;0.00000000;
72252750;11.8;29.4;0;0;0;-75.2;-0.15;0;-0.12;0.07;0;0;0.0248;0;0.2946;0.0005;94872;95080;135;0;101;0.031;-0.013;72252717;0.0248;0;0.2946;0.0005;0.693;39.261;0;-0.21;0;196.333;196.764;1;-1;0;0;0;0;0;0;0;0;0;-1;0.00000000;0.00000000;0.00000000;0.00000000;0.00000000;0.00000000;0.00000000;
72252783;11.8;29.4;0;0;0;-75.3;-0.13;0;-0.11;0.06;0;0;0.0248;0;0.2946;0.0005;94872;95080;135;0;101;0.031;-0.014;72252750;0.0248;0;0.2946;0.0005;0.693;39.264;0;-0.26;0;196.333;196.764;1;-1;0;0;0;0;0;0;0;0;0;-1;0.00000000;0.00000000;0.00000000;0.00000000;0.00000000;0.00000000;0.00000000;
72252818;11.8;29.4;0;0;0;-75.1;-0.15;0;-0.13;0.06;0;0;0.0248;0;0.2946;0.0005;94872;95080;135;0;101;0.033;-0.012;72252783;0.0248;0;0.2946;0.0005;0.693;39.267;0;-0.14;0;196.333;196.764;1;-1;0;0;0;0;0;0;0;0;0;-1;0.00000000;0.00000000;0.00000000;0.00000000;0.00000000;0.00000000;0.00000000;
72252833;11.8;29.4;0;0;0;-75.4;-0.14;0;-0.11;0.07;0;0;0.0248;0;0.2946;0.0005;94872;95080;134.986;0;101;0.033;-0.012;72252819;0.0248;0;0.2946;0.0005;0.693;39.271;0;-0.11;0;196.333;196.764;1;-1;0;0;0;0;0;0;0;0;0;-1;0.00000000;0.00000000;0.00000000;0.00000000;0.00000000;0.00000000;0.00000000;
72252865;11.8;29.4;0;0;0;-75.1;-0.15;0;-0.13;0.07;0;0;0.0248;0;0.2946;0.0005;94872;95080;135;0;101;0.033;-0.012;72252834;0.0248;0;0.2946;0.0005;0.693;39.273;0;-0.09;0;196.333;196.764;1;-1;0;0;0;0;0;0;0;0;0;-1;0.00000000;0.00000000;0.00000000;0.00000000;0.00000000;0.00000000;0.00000000;
72252900;11.8;29.4;0;0;0;-75.2;-0.14;0;-0.12;0.07;0;0;0.0248;0;0.2946;0.0005;94872;95080;135;0;101;0.033;-0.013;72252866;0.0248;0;0.2946;0.0005;0.693;39.276;0;-0.13;0;196.333;196.764;1;-1;0;0;0;0;0;0;0;0;0;-1;0.00000000;0.00000000;0.00000000;0.00000000;0.00000000;0.00000000;0.00000000;
72252933;11.8;29.4;0;0;0;-75.2;-0.14;0;-0.12;0.06;0;0;0.0248;0;0.2946;0.0005;94872;95080;135;0;101;0.033;-0.012;72252900;0.0248;0;0.2946;0.0005;0.693;39.28;0;-0.21;0;196.333;196.764;1;-1;0;0;0;0;0;0;0;0;0;-1;0.00000000;0.00000000;0.00000000;0.00000000;0.00000000;0.00000000;0.00000000;
72252982;11.8;29.4;0;0;0;-75.1;-0.15;0;-0.13;0.07;0;0;0.0248;0;0.2946;0.0005;94872;95080;135;0;101;0.033;-0.013;72252933;0.0248;0;0.2946;0.0005;0.693;39.282;0;-0.13;0;196.333;196.764;1;-1;0;0;0;0;0;0;0;0;0;-1;0.00000000;0.00000000;0.00000000;0.00000000;0.00000000;0.00000000;0.00000000;
72252999;11.8;29.4;0;0;0;-75.5;-0.13;0;-0.1;0.06;0;0;0.0248;0;0.2946;0.0005;94872;95080;135;0;101;0.031;-0.015;72252982;0.0248;0;0.2946;0.0005;0.693;39.286;0;-0.09;0;196.333;196.764;1;-1;0;0;0;0;0;0;0;0;0;-1;0.00000000;0.00000000;0.00000000;0.00000000;0.00000000;0.00000000;0.00000000;
72253032;11.8;29.4;0;0;0;-75.4;-0.14;0;-0.12;0.07;0;0;0.0248;0;0.2946;0.0005;94872;95080;135;0;101;0.032;-0.014;72252999;0.0248;0;0.2946;0.0005;0.694;39.289;0;-0.13;0;196.333;196.764;1;-1;0;0;0;0;0;0;0;0;0;-1;0.00000000;0.00000000;0.00000000;0.00000000;0.00000000;0.00000000;0.00000000;
72253050;11.8;29.4;0;0;0;-75.3;-0.13;0;-0.1;0.06;0;0;0.0248;0;0.2946;0.0005;94872;95080;135;0;101;0.029;-0.016;72253032;0.0248;0;0.2946;0.0005;0.694;39.292;0;-0.21;0;196.333;196.764;1;-1;0;0;0;0;0;0;0;0;0;-1;0.00000000;0.00000000;0.00000000;0.00000000;0.00000000;0.00000000;0.00000000;
