T;I1;I2;I3;V1;V2;V3;I_tot;V_zero;Phase
0;10.9597;-7.25275;-3.70696;0;0.0150879;0.0150879;11.1813;0.0754395;54.72;
6.66667e-05;11.0403;-6.20513;-4.83517;0;0;0.0150879;11.1007;0.0301758;51.84;
0.000133333;10.3956;-5.23809;-5.15751;-0.0150879;0;0.0150879;10.4158;0.0905273;48.96;
0.0002;9.18681;-4.51282;-4.67399;0;0;0.0301758;9.20696;0;46.08;
0.000266667;7.57509;-3.4652;-4.10989;0;0;0;7.60531;0.0754395;41.76;
0.000333333;5.96337;-2.41758;-3.54579;0;0;0.0150879;6.01374;0.0603516;38.88;
0.0004;4.19048;-1.36996;-2.82051;0;0;0;4.28114;0.0301758;36;
0.000466667;2.09524;-0.886447;-1.20879;0.0301758;0;0;2.11538;0.0301758;33.12;
0.000533333;1.12821;-1.04762;-0.0805861;0.0150879;0;0;1.29945;0.0905273;28.8;
0.0006;-0.40293;-1.20879;1.61172;0.0150879;0;-0.0150879;1.80311;0.0301758;25.92;
0.000666667;-2.17582;-1.45055;3.62637;0.0150879;0;0;3.77747;0.0754395;23.04;
0.000733333;-3.22344;-1.45055;4.67399;0.0150879;0;0;4.90568;0.0754395;18.72;
0.0008;-3.94872;-1.85348;5.8022;0;0;0;6.05403;0.0301758;15.84;
0.000866667;-4.59341;-2.9011;7.4945;0.0301758;0;0;7.6859;0.0150879;12.96;
0.000933333;-4.67399;-4.27106;8.94505;0.0150879;0;0;9.07601;0.0754395;10.08;
0.001;-4.35165;-5.56044;9.91209;0.0150879;0.0150879;-0.0150879;10.0632;0.0150879;7.2;
0.00106667;-4.0293;-6.28571;10.315;0.0150879;0.0150879;-0.0150879;10.5266;0.0150879;4.32;
0.00113333;-3.14286;-7.09157;10.2344;0.0150879;0;-0.0150879;10.6071;0.0754395;2.88;
0.0012;-1.04762;-8.62271;9.67033;0.0150879;0;-0.0150879;10.728;0.0150879;0;
0.00126667;1.45055;-9.91209;8.46154;0;0;0;10.7784;0.0754395;357.12;
0.00133333;4.19048;-10.8791;6.68864;0.0150879;0.0150879;0;11.0403;0.0301758;354.24;
0.0014;5.8022;-10.7985;4.99634;0.0150879;0.0150879;0;10.869;0.0150879;351.36;
0.00146667;5.15751;-9.91209;4.75458;0.0150879;0.0150879;-0.0150879;9.9826;0.0452637;348.48;
0.00153333;4.51282;-8.38095;3.86813;0;0;0;8.45146;0.0905273;344.16;
0.0016;3.70696;-6.52747;2.82051;0;0.0150879;0;6.60806;0.0150879;341.28;
0.00166667;2.65934;-4.59341;1.93407;0.0150879;0.0150879;0;4.67399;0.0150879;336.96;
0.00173333;1.36996;-2.57875;1.20879;0.0150879;0;0;2.64927;0.0754395;334.08;
0.0018;0.322344;-1.12821;0.805861;0.0150879;0;0;1.22894;0.0150879;331.2;
0.00186667;-1.20879;0.40293;0.805861;0.0301758;0;-0.0150879;1.28938;0.0150879;326.88;
0.00193333;-2.98168;2.09524;0.886447;0.0150879;0;0;3.11264;0.0754395;324;
0.002;-3.94872;3.4652;0.483516;0.0150879;-0.0150879;0;4.35165;0.0150879;321.12;
0.00206667;-4.99634;4.35165;0.644689;0.0301758;0;0;5.47985;0.0150879;318.24;
0.00213333;-6.20513;4.83516;1.36996;0.0150879;0;0;6.56777;0.0754395;315.36;
0.0022;-7.4945;5.07692;2.41758;0.0150879;0;0.0150879;7.70604;0.0150879;312.48;
0.00226667;-8.78388;4.99634;3.78755;0.0150879;-0.0150879;0;8.87454;0.0754395;309.6;
0.00233333;-9.99267;4.67399;5.31868;0.0301758;-0.0150879;0;10.0632;0.0301758;306.72;
0.0024;-10.3956;3.4652;6.9304;0.0301758;0;0;10.6575;0.0150879;303.84;
0.00246667;-10.2344;1.53114;8.7033;0.0301758;0;0;11.1108;0.0603516;300.96;
0.00253333;-9.2674;-0.886447;10.1538;0.0301758;0;-0.0150879;11.3626;0.0754395;298.08;
0.0026;-7.89744;-3.62637;11.5238;0.0150879;0.0150879;-0.0150879;11.9066;0.0754395;295.2;
0.00266667;-6.3663;-5.31868;11.685;0.0301758;0.0150879;-0.0150879;11.826;0.0150879;292.32;
0.00273333;-5.8022;-5.15751;10.9597;0.0301758;0.0150879;-0.0150879;11.0907;0.0452637;289.44;
0.0028;-4.99634;-4.59341;9.58974;0.0301758;0;0;9.7207;0.0150879;286.56;
0.00286667;-3.78755;-3.78755;7.57509;0.0150879;0;-0.0150879;7.69597;0.0301758;282.24;
0.00293333;-2.57875;-2.82051;5.39927;0;0;0;5.53022;0.0905273;279.36;
0.003;-1.20879;-1.77289;2.98168;0.0150879;0;0;3.12271;0.0301758;275.04;
0.00306667;-0.644689;-0.725275;1.36996;0.0150879;0;0;1.50092;0.0150879;272.16;
0.00313333;-0.40293;0.564103;-0.161172;0.0150879;0;0;0.604396;0.0754395;269.28;
0.0032;-0.40293;2.17582;-1.77289;0.0150879;0;0.0150879;2.2967;0.0150879;266.4;
0.00326667;-0.564103;3.62637;-3.06227;0.0150879;-0.0150879;0.0150879;3.88828;0.0754395;263.52;
0.00333333;-0.564103;4.35165;-3.78755;0;0;0.0150879;4.71429;0.0603516;260.64;
0.0034;-1.04762;5.15751;-4.10989;0.0150879;-0.0150879;0.0150879;5.43956;0.0150879;257.76;
0.00346667;-1.69231;6.3663;-4.67399;0.0150879;0;0.0150879;6.58791;0.0754395;253.44;
0.00353333;-3.06227;7.73626;-4.67399;0.0150879;-0.0150879;0.0150879;7.78663;0.0603516;250.56;
0.0036;-4.43223;9.02564;-4.59341;0.0150879;0;0.0150879;9.03571;0.0150879;247.68;
0.00366667;-5.88278;9.99267;-4.10989;0.0150879;-0.0150879;0;10.0632;0.0301758;246.24;
0.00373333;-6.68864;9.8315;-3.14286;0.0150879;0;0.0150879;10.0632;0.0754395;243.36;
0.0038;-7.81685;9.50916;-1.69231;0.0301758;-0.0150879;0;10.174;0.0301758;240.48;
0.00386667;-9.10623;8.54212;0.564103;0.0301758;0;0;10.2546;0.0150879;237.6;
0.00393333;-10.4762;6.9304;3.54579;0.0301758;0;0;10.7179;0.0603516;234.72;
0.004;-10.6374;5.15751;5.47985;0.0301758;0;0;10.7079;0.0150879;231.84;
0.00406667;-10.2344;4.59341;5.64103;0.0301758;0;-0.0150879;10.315;0.0301758;228.96;
0.00413333;-8.78388;3.94872;4.83516;0.0301758;0;0;8.86447;0.0603516;226.08;
0.0042;-6.9304;3.06227;3.86813;0.0150879;0;-0.0150879;7.01099;0.0301758;221.76;
0.00426667;-5.23809;2.09524;3.14286;0.0301758;0;0;5.33883;0.0754395;218.88;
0.00433333;-3.30403;1.12821;2.17582;0.0150879;0.0150879;0;3.42491;0.0301758;216;
0.0044;-2.337;0.805861;1.53114;0.0150879;0;0.0150879;2.43773;0.0150879;213.12;
0.00446667;-1.36996;0.725275;0.644689;0;0;0;1.4304;0.0754395;208.8;
0.00453333;0.322344;1.12821;-1.45055;0.0150879;0;0.0150879;1.54121;0.0603516;205.92;
0.0046;2.01465;1.45055;-3.4652;0.0150879;-0.0150879;0.0150879;3.50549;0.0150879;203.04;
0.00466667;2.98168;1.28938;-4.27106;0.0150879;0;0.0150879;4.40201;0.0150879;200.16;
0.00473333;3.86813;1.69231;-5.56044;0;0;0;5.72161;0.0905273;195.84;
0.0048;4.35165;2.41758;-6.76923;0;-0.0150879;0.0150879;6.89011;0.0452637;192.96;
0.00486667;4.59341;3.38462;-7.97802;-0.0150879;0;0.0150879;8.02839;0.0150879;190.08;
0.00493333;4.51282;5.31868;-9.8315;0;0;0.0150879;9.86172;0.0754395;188.64;
0.005;3.62637;6.68864;-10.315;0;-0.0150879;0.0150879;10.4863;0.0150879;185.76;
0.00506667;2.73993;7.65568;-10.3956;0;-0.0150879;0.0150879;10.7985;0.0452637;182.88;
0.00513333;0.805861;8.86447;-9.67033;0;0;0.0150879;10.7482;0.0603516;180;
0.0052;-1.53114;10.2344;-8.7033;0.0150879;-0.0150879;0;11.0201;0.0150879;178.56;
0.00526667;-4.27106;11.4432;-7.17216;0.0150879;-0.0150879;0.0150879;11.5641;0.0754395;175.68;
0.00533333;-5.07692;11.2015;-6.12454;0.0301758;-0.0150879;-0.0150879;11.2216;0.0452637;172.8;
0.0054;-4.91575;10.2344;-5.31868;0.0150879;-0.0150879;0;10.2445;0.0301758;168.48;
0.00546667;-4.43223;9.10623;-4.67399;0.0150879;-0.0150879;0;9.1163;0.0905273;165.6;
0.00553333;-3.94872;7.4945;-3.54579;0.0150879;-0.0150879;0;7.50458;0.0754395;162.72;
0.0056;-2.9011;5.47985;-2.57875;0.0150879;-0.0150879;0;5.48993;0.0301758;158.4;
0.00566667;-1.85348;3.38462;-1.53114;0.0150879;-0.0150879;0;3.40476;0.0301758;155.52;
0.00573333;-0.886447;1.77289;-0.886447;0.0150879;0;0;1.78297;0.0905273;151.2;
0.0058;0.40293;0.40293;-0.805861;0.0150879;0;0;0.83608;0.0301758;148.32;
0.00586667;2.49817;-1.12821;-1.36996;0.0150879;-0.0150879;0;2.51831;0.0452637;145.44;
0.00593333;3.94872;-2.98168;-0.967033;0;0;0.0150879;4.15018;0.0754395;142.56;
0.006;4.59341;-3.78755;-0.805861;0;0;0;4.94597;0.0301758;139.68;
0.00606667;5.64103;-4.59341;-1.04762;0.0150879;0;0.0150879;6.04396;0.0150879;135.36;
0.00613333;7.01099;-4.91575;-2.09524;0;0;0.0150879;7.2326;0.0754395;132.48;
0.0062;8.38095;-4.83516;-3.54579;0.0150879;0;0.0150879;8.44139;0.0150879;131.04;
0.00626667;9.75092;-4.43223;-5.31868;-0.0150879;0;0.0150879;9.78113;0.0754395;128.16;
0.00633333;10.315;-3.86813;-6.44689;0;0;0.0301758;10.4359;0;125.28;
0.0064;10.0733;-2.41758;-7.65568;0;0.0150879;0.0150879;10.5165;0.0150879;122.4;
0.00646667;9.18681;0;-9.18681;-0.0150879;0;0.0150879;10.6374;0.0905273;119.52;
0.00653333;8.30037;2.73993;-11.0403;0;0;0.0150879;11.5238;0.0603516;116.64;
0.0066;6.44689;4.99634;-11.4432;0.0150879;0;0.0150879;11.5037;0.0150879;113.76;
0.00666667;5.31868;5.47985;-10.7985;0.0150879;0;0.0150879;10.8288;0.0452637;110.88;
0.00673333;4.67399;5.15751;-9.8315;0;-0.0150879;0.0150879;9.86172;0.0754395;108;
0.0068;3.70696;4.35165;-8.05861;0.0150879;0;0.0150879;8.08883;0.0150879;103.68;
0.00686667;2.41758;3.54579;-5.96337;0.0150879;0;0.0150879;6.02381;0.0150879;100.8;
0.00693333;1.12821;2.49817;-3.62637;0.0150879;0;0;3.73718;0.0754395;96.48;
0.007;0.483516;1.61172;-2.09524;0.0150879;0;0.0150879;2.21612;0.0150879;93.6;
0.00706667;0.322344;0.564103;-0.886447;0.0150879;0;0;0.916667;0.0754395;90.72;
0.00713333;0.241758;-1.04762;0.805861;0.0150879;0.0150879;0;1.1685;0.0754395;87.84;
0.0072;0.161172;-2.82051;2.65934;0.0150879;0;0;3.23352;0.0150879;84.96;
0.00726667;0.161172;-3.94872;3.78755;0.0150879;0;-0.0150879;4.53297;0.0754395;82.08;
0.00733333;0.483516;-4.0293;3.54579;0.0150879;0.0150879;0;4.46245;0.0150879;79.2;
0.0074;0.886447;-5.23809;4.35165;0.0150879;0;0;5.67125;0.0150879;74.88;
0.00746667;2.01465;-6.84982;4.83516;0.0150879;0.0150879;-0.0150879;7.11172;0.0754395;72;
0.00753333;3.38462;-8.38095;4.99634;0.0150879;0.0150879;-0.0150879;8.50183;0.0754395;69.12;
0.0076;4.99634;-9.42857;4.43223;0;0.0150879;0;9.49908;0.0754395;66.24;
0.00766667;6.76923;-9.75092;2.98169;0.0150879;0.0150879;-0.0150879;10.0531;0.0150879;64.8;
0.00773333;7.73626;-9.58974;1.85348;0;0;0;10.2344;0.0603516;61.92;
0.0078;9.02564;-8.86447;-0.161172;0;0.0150879;0.0150879;10.3855;0.0150879;59.04;
0.00786667;10.315;-7.57509;-2.73993;0;0;0;10.728;0.0301758;56.16;
0.00793333;10.8791;-5.96337;-4.91575;-0.0150879;0;0.0150879;10.9194;0.0905273;53.28;
0.008;10.6374;-5.39927;-5.23809;0;0;0.0150879;10.6676;0.0150879;50.4;
0.00806667;9.67033;-4.75458;-4.91575;0.0150879;0;0.0150879;9.69048;0.0150879;47.52;
0.00813333;8.21978;-3.78755;-4.43223;0;0;0.0150879;8.25;0.0452637;44.64;
0.0082;6.52747;-2.82051;-3.70696;0.0150879;0;0;6.56777;0.0150879;40.32;
0.00826667;4.83516;-1.85348;-2.98168;0.0150879;0;0.0150879;4.88553;0.0754395;37.44;
0.00833333;3.22344;-0.725275;-2.49817;0;0;0;3.37454;0.0603516;34.56;
0.0084;1.93407;-0.805861;-1.12821;0;0;0;1.95421;0.0150879;30.24;
0.00846667;0.725275;-0.805861;0.0805861;0;0;0;0.936813;0.0754395;27.36;
0.00853333;-1.04762;-1.36996;2.41758;0.0150879;-0.0150879;0;2.54853;0.0905273;24.48;
0.0086;-2.65934;-1.53114;4.19048;0.0150879;-0.0150879;0;4.36172;0.0301758;21.6;
0.00866667;-3.38462;-1.77289;5.15751;0.0301758;0;-0.0150879;5.36905;0.0150879;18.72;
0.00873333;-4.0293;-2.49817;6.52747;0.0150879;-0.0150879;0;6.70879;0.0754395;14.4;
0.0088;-4.35165;-3.4652;7.81685;0.0301758;0;0;7.95787;0.0150879;11.52;
0.00886667;-4.27106;-4.91575;9.18681;0.0150879;0;-0.0150879;9.31777;0.0301758;10.08;
0.00893333;-3.94872;-6.28571;10.2344;0.0150879;0.0150879;-0.0150879;10.446;0.0754395;7.2;
0.009;-3.14286;-6.84982;9.99267;0.0150879;0;-0.0150879;10.3452;0.0150879;4.32;
0.00906667;-1.36996;-7.81685;9.18681;0.0150879;0.0150879;-0.0301758;10.033;0.0452637;1.44;
0.00913333;0.725275;-9.42857;8.7033;0;0.0150879;0;10.5568;0.0754395;0;
0.0092;3.30403;-10.6374;7.33333;0;0.0150879;0;10.9597;0.0150879;357.12;
0.00926667;5.64103;-11.3626;5.72161;0.0150879;0.0150879;0;11.4231;0.0754395;354.24;
0.00933333;5.8022;-10.4762;4.67399;0.0150879;0.0150879;0;10.5568;0.0301758;349.92;
0.0094;4.91575;-9.75092;4.83517;0;0;0;9.81135;0.0301758;347.04;
0.00946667;4.27106;-8.13919;3.86813;0;0.0150879;0;8.20971;0.0603516;344.16;
0.00953333;3.38462;-6.28571;2.9011;0;0.0150879;0;6.35623;0.0754395;339.84;
0.0096;2.25641;-4.43223;2.17582;0;0;0;4.50275;0.0301758;336.96;
0.00966667;1.20879;-2.49817;1.28938;0.0150879;0;0;2.56868;0.0150879;332.64;
0.00973333;0;-1.36996;1.36996;0.0150879;0.0150879;0;1.65201;0.0603516;329.76;
0.0098;-1.69231;0.322344;1.36996;0.0150879;0;0;1.86355;0.0301758;326.88;
0.00986667;-3.4652;2.09524;1.36996;0.0301758;0;-0.0150879;3.54579;0.0301758;324;
0.00993333;-4.27106;3.30403;0.967033;0.0150879;-0.0150879;0;4.53297;0.0754395;319.68;
0.01;-5.39927;4.27106;1.12821;0.0150879;-0.0150879;0.0150879;5.75183;0.0452637;316.8;
0.0100667;-6.60806;4.83516;1.77289;0.0301758;0;0;6.90018;0.0301758;313.92;
0.0101333;-7.89744;4.91575;2.98168;0.0150879;-0.0150879;0;8.03846;0.0754395;311.04;
0.0102;-9.10623;4.99634;4.10989;0.0150879;0;0;9.18681;0;308.16;
0.0102667;-10.3956;3.86813;6.52747;0.0150879;-0.0150879;0;10.5769;0.0754395;306.72;
0.0103333;-10.2344;2.98168;7.25275;0.0301758;0.0150879;-0.0150879;10.5971;0.0301758;303.84;
0.0104;-9.99267;0.483516;9.50916;0.0301758;0;0;11.3324;0.0150879;300.96;
0.0104667;-9.18681;-2.09524;11.2821;0.0150879;0;-0.0150879;12.1282;0.0754395;298.08;
0.0105333;-7.73626;-4.67399;12.4103;0.0301758;0;-0.0301758;12.6621;0.0905273;295.2;
0.0106;-6.52747;-5.31868;11.8462;0.0301758;0.0150879;-0.0150879;11.9973;0.0150879;292.32;
0.0106667;-5.72161;-5.15751;10.8791;0.0301758;0;0;11.0101;0.0150879;289.44;
0.0107333;-5.23809;-4.91575;10.1538;0;0.0150879;-0.0150879;10.2848;0.0905273;285.12;
0.0108;-3.94872;-3.78755;7.73626;0.0150879;0.0150879;0;7.86722;0.0150879;282.24;
0.0108667;-2.65934;-2.98168;5.64103;0;0;0;5.77198;0.0150879;277.92;
0.0109333;-1.69231;-1.53114;3.22344;0.0150879;0;-0.0150879;3.3544;0.0905273;275.04;
0.011;-0.886447;-0.241758;1.12821;0;0;0;1.30952;0;272.16;
0.0110667;-1.20879;0.644689;0.564103;0.0150879;-0.0150879;0;1.26923;0.0301758;269.28;
0.0111333;-1.04762;2.57875;-1.53114;0.0150879;-0.0150879;0.0150879;2.58883;0.0754395;266.4;
0.0112;-0.725275;4.0293;-3.30403;0.0150879;0;0.0150879;4.28114;0.0301758;263.52;
0.0112667;-1.04762;4.51282;-3.4652;0.0150879;0;0;4.71429;0.0754395;260.64;
0.0113333;-1.20879;5.64103;-4.43223;0.0150879;0;0.0150879;5.92308;0.0150879;256.32;
0.0114;-2.17582;7.09157;-4.91575;0.0150879;-0.0150879;0.0150879;7.25275;0.0603516;253.44;
0.0114667;-3.62637;8.30037;-4.67399;0.0150879;-0.0150879;0;8.32051;0.0754395;250.56;
0.0115333;-5.23809;9.42857;-4.19048;0.0150879;-0.0150879;0.0150879;9.45879;0.0754395;247.68;
0.0116;-6.04396;9.91209;-3.86813;0.0150879;-0.0150879;0;10.0027;0.0301758;244.8;
0.0116667;-6.76923;9.99267;-3.22344;0.0150879;-0.0150879;0;10.2244;0.0452637;241.92;
0.0117333;-8.13919;9.42857;-1.28938;0.0150879;-0.0150879;0;10.2546;0.0754395;240.48;
0.0118;-9.50916;8.21978;1.28938;0.0301758;-0.0150879;0;10.3654;0.0301758;237.6;
0.0118667;-10.5568;6.44689;4.10989;0.0301758;-0.0150879;0;10.7079;0.0150879;234.72;
0.0119333;-10.315;5.15751;5.15751;0.0150879;0;-0.0150879;10.3855;0.0452637;230.4;
0.012;-9.75092;4.51282;5.2381;0.0301758;0;0;9.8315;0.0150879;227.52;
0.0120667;-8.21978;3.62637;4.59341;0.0452637;-0.0150879;0;8.30037;0.0150879;224.64;
0.0121333;-6.52747;2.65934;3.86813;0.0150879;-0.0150879;0;6.6282;0.0905273;221.76;
0.0122;-4.59341;1.61172;2.98168;0.0150879;0.0150879;0;4.72436;0.0452637;218.88;
0.0122667;-2.82051;0.564103;2.25641;0.0150879;0;-0.0150879;3.0522;0.0754395;214.56;
0.0123333;-1.85348;0.564103;1.28938;0.0301758;0;0;1.96429;0.0301758;211.68;
0.0124;-0.967033;0.241758;0.725275;0.0150879;0;0;1.06777;0.0150879;208.8;
0.0124667;0.805861;1.04762;-1.85348;0;0;0;1.8837;0.0905273;205.92;
0.0125333;2.49817;1.20879;-3.70696;0.0150879;0;0.0150879;3.80769;0.0754395;201.6;
0.0126;3.30403;1.12821;-4.43223;0;0;0.0150879;4.6337;0.0754395;198.72;
0.0126667;4.19048;1.61172;-5.8022;0.0150879;0;0.0150879;6.01374;0.0150879;195.84;
0.0127333;4.59341;2.73993;-7.33333;0;0;0.0150879;7.43407;0.0754395;192.96;
0.0128;4.67399;4.0293;-8.7033;0;0;0;8.73352;0;190.08;
0.0128667;4.19048;5.72161;-9.91209;0;-0.0150879;0.0150879;9.97253;0.0150879;187.2;
0.0129333;3.38462;7.01099;-10.3956;0;0;0.0150879;10.6273;0.0452637;184.32;
0.013;1.93407;7.89744;-9.8315;0;-0.0150879;0.0150879;10.4359;0.0905273;181.44;
0.0130667;-0.0805861;9.2674;-9.18681;0.0150879;-0.0150879;0.0150879;10.6273;0.0301758;180;
0.0131333;-2.82051;10.4762;-7.65568;0.0150879;-0.0150879;0;10.8288;0.0452637;177.12;
0.0132;-5.07692;11.1209;-6.04396;0.0150879;-0.0150879;0;11.141;0.0754395;174.24;
0.0132667;-5.23809;10.8791;-5.64103;0.0150879;-0.0150879;0;10.8892;0.0754395;171.36;
0.0133333;-4.67399;9.91209;-5.2381;0.0150879;-0.0150879;0.0150879;9.92216;0.0452637;167.04;
0.0134;-4.43223;8.38095;-3.94872;0.0301758;0;0;8.39102;0.0301758;164.16;
0.0134667;-3.62637;6.60806;-2.98168;0.0301758;0;0;6.6282;0.0754395;161.28;
0.0135333;-2.57875;4.67399;-2.09524;0.0150879;-0.0150879;0;4.69414;0.0754395;156.96;
0.0136;-1.04762;2.41758;-1.36996;0.0150879;0;-0.0150879;2.42766;0.0301758;154.08;
0.0136667;0.0805861;1.45055;-1.53114;0;0;0;1.74267;0.0301758;149.76;
0.0137333;1.45055;-0.161172;-1.28938;0;0.0150879;0;1.5815;0.0754395;146.88;
0.0138;3.54579;-2.17582;-1.36996;0.0150879;0.0150879;0;3.60623;0.0150879;144;
0.0138667;4.35165;-3.30403;-1.04762;0.0150879;0;0;4.58333;0.0150879;141.12;
0.0139333;5.47985;-4.0293;-1.45055;0;0;0;5.71154;0.0754395;136.8;
0.014;6.3663;-4.83516;-1.53114;0;0;0;6.68864;0.0301758;133.92;
0.0140667;7.97802;-5.15751;-2.82051;0;0;0.0150879;8.12912;0.0452637;131.04;
0.0141333;9.42857;-4.91575;-4.51282;0;0.0150879;0.0150879;9.45879;0.0603516;128.16;
0.0142;10.315;-4.19048;-6.12454;0;0.0150879;0;10.3956;0.0150879;126.72;
0.0142667;10.3956;-2.98168;-7.41392;0;0.0150879;0;10.7079;0.0754395;123.84;
0.0143333;10.3956;-0.483516;-9.91209;-0.0150879;0;0.0150879;11.7253;0.0603516;120.96;
0.0144;9.02564;1.85348;-10.8791;0;0;0.0150879;11.6749;0.0150879;118.08;
0.0144667;7.73626;4.43223;-12.1685;0;0;0.0301758;12.3498;0.0754395;115.2;
0.0145333;6.20513;5.88278;-12.0879;0;0;0.0301758;12.1181;0.0905273;112.32;
0.0146;5.47985;5.47985;-10.9597;0;-0.0150879;0.0150879;10.9899;0.0603516;109.44;
0.0146667;4.43223;4.67399;-9.10623;0;0;0.0150879;9.13645;0.0754395;105.12;
0.0147333;3.38462;3.70696;-7.09157;0;0;0.0150879;7.12179;0.0905273;102.24;
0.0148;2.09524;2.82051;-4.91575;0.0150879;0;0.0150879;4.95604;0.0150879;97.92;
0.0148667;0.967033;1.45055;-2.41758;0.0150879;0;0.0150879;2.45788;0.0301758;95.04;
0.0149333;0.805861;0.564103;-1.36996;0.0150879;0;0;1.40018;0.0754395;92.16;
0.015;0.564103;-0.886447;0.322344;0.0150879;0;0;0.95696;0.0301758;89.28;
0.0150667;0.644689;-2.25641;1.61172;0.0150879;0;0;2.38736;0.0150879;86.4;
0.0151333;0.483516;-3.14286;2.65934;0.0150879;0;0;3.45513;0.0754395;83.52;
0.0152;0.483516;-4.10989;3.62637;0.0301758;0.0150879;-0.0150879;4.56319;0.0150879;79.2;
0.0152667;0.967033;-4.99634;4.0293;0.0150879;0;-0.0150879;5.36905;0.0754395;76.32;
0.0153333;1.93407;-6.28571;4.35165;0.0150879;0.0150879;0;6.50733;0.0603516;73.44;
0.0154;3.06227;-7.81685;4.75458;0.0150879;0.0150879;0;7.9478;0.0150879;70.56;
0.0154667;4.67399;-9.18681;4.51282;0;0;0;9.25733;0.0905273;67.68;
0.0155333;6.28571;-10.0733;3.78755;0;0.0150879;0;10.2445;0.0754395;64.8;
0.0156;7.41392;-9.75092;2.337;0.0150879;0.0150879;0;10.2445;0.0150879;61.92;
0.0156667;8.54212;-9.10623;0.564103;0;0;0;10.2647;0.0905273;59.04;
0.0157333;9.8315;-7.65568;-2.17582;0;0.0150879;0.0150879;10.3654;0.0905273;56.16;
0.0158;10.7179;-6.12454;-4.59341;0;0;0.0150879;10.7784;0.0150879;53.28;
0.0158667;10.7179;-5.39927;-5.31868;0;0.0150879;0.0150879;10.7381;0.0150879;50.4;
0.0159333;9.75092;-4.67399;-5.07692;0;0;0.0150879;9.77106;0.0754395;47.52;
0.016;8.30037;-3.70696;-4.59341;0;0;0.0301758;8.33059;0.0301758;44.64;
0.0160667;6.52747;-2.65934;-3.86813;0;0;0;6.57784;0.0301758;41.76;
0.0161333;4.83516;-1.36996;-3.4652;0;0.0150879;0.0150879;4.98626;0.0905273;37.44;
0.0162;2.82051;-0.483516;-2.337;0;0;0;3.0119;0.0301758;34.56;
0.0162667;1.77289;-0.40293;-1.36996;0.0150879;0;-0.0150879;1.85348;0.0150879;31.68;
0.0163333;0.725275;-0.322344;-0.40293;0.0150879;0;0;0.735348;0.0150879;28.8;
0.0164;-1.04762;-0.564103;1.61172;0.0150879;0;0;1.76282;0.0301758;24.48;
0.0164667;-2.98168;-1.04762;4.0293;0.0301758;-0.0150879;-0.0150879;4.30128;0.0754395;21.6;
0.0165333;-3.78755;-1.04762;4.83516;0.0150879;0;0;5.20788;0.0754395;18.72;
0.0166;-4.59341;-1.85348;6.44689;0.0301758;0;0;6.75916;0.0150879;15.84;
0.0166667;-4.67399;-2.73993;7.41392;0.0301758;0;-0.0150879;7.62546;0.0150879;12.96;
0.0167333;-4.59341;-4.0293;8.62271;0.0301758;0;0;8.75366;0.0754395;10.08;
0.0168;-4.0293;-5.64103;9.67033;0.0150879;0;-0.0150879;9.84157;0.0301758;7.2;
0.0168667;-3.30403;-6.20513;9.50916;0.0150879;0;-0.0150879;9.78113;0.0301758;4.32;
0.0169333;-2.01465;-7.09157;9.10623;0.0150879;0.0150879;-0.0150879;9.69048;0.0754395;1.44;
0.017;0.161172;-8.46154;8.30037;0.0150879;0;0;9.74084;0;0;
0.0170667;2.73993;-9.8315;7.09157;0;0.0150879;0;10.2143;0.0754395;357.12;
0.0171333;5.31868;-10.5568;5.2381;0;0.0301758;-0.0150879;10.6172;0.0905273;354.24;
0.0172;5.64103;-10.3956;4.75458;0;0;0;10.4762;0.0150879;349.92;
0.0172667;5.15751;-8.78388;3.62637;0;0;0;8.89469;0.0754395;347.04;
0.0173333;4.43223;-7.09157;2.65934;0.0150879;0;0;7.22253;0.0150879;344.16;
0.0174;3.4652;-5.23809;1.77289;0.0150879;0;0.0150879;5.38919;0.0150879;339.84;
0.0174667;2.49817;-3.06227;0.564102;0;0;0;3.3141;0.0905273;336.96;
0.0175333;2.01465;-1.93407;-0.080586;0;0;0.0150879;2.32692;0.0603516;332.64;
0.0176;0.564103;-0.725275;0.161172;0;0;0;0.815934;0.0754395;329.76;
0.0176667;-1.36996;1.12821;0.241758;0.0150879;0;0.0150879;1.51099;0.0754395;326.88;
0.0177333;-3.14286;2.82051;0.322344;0.0150879;0;-0.0150879;3.50549;0.0301758;322.56;
0.0178;-4.10989;3.94872;0.161172;0.0150879;0;0;4.69414;0.0603516;319.68;
0.0178667;-5.23809;4.51282;0.725275;0.0301758;0;0;5.72161;0.0301758;316.8;
0.0179333;-6.3663;4.91575;1.45055;0.0150879;0;0;6.72894;0.0754395;313.92;
0.018;-7.65568;5.15751;2.49817;0.0301758;-0.0150879;0;7.86722;0.0301758;311.04;
0.0180667;-9.10623;4.83516;4.27106;0.0301758;0;0;9.17674;0.0150879;308.16;
0.0181333;-10.2344;3.86813;6.3663;0.0301758;0;0;10.4057;0.0754395;305.28;
0.0182;-10.2344;2.337;7.89744;0.0150879;0;0;10.7985;0.0754395;302.4;
0.0182667;-9.58974;0;9.58974;0.0301758;0;0;11.141;0.0603516;299.52;
0.0183333;-8.30037;-2.65934;10.9597;0.0301758;0.0150879;-0.0301758;11.554;0.0301758;296.64;
0.0184;-6.76923;-5.07692;11.8462;0.0150879;0;-0.0150879;12.0174;0.0301758;293.76;
0.0184667;-6.20513;-5.56044;11.7656;0.0150879;0.0150879;-0.0150879;11.8965;0.0754395;290.88;
0.0185333;-5.31868;-5.23809;10.5568;0.0150879;0;-0.0150879;10.6877;0.0754395;288;
0.0186;-4.27106;-4.83516;9.10623;0.0150879;0.0150879;0;9.23718;0.0150879;285.12;
0.0186667;-2.73993;-3.38462;6.12454;0.0150879;0;-0.0150879;6.26557;0.0301758;280.8;
0.0187333;-1.53114;-2.65934;4.19048;0;0;0;4.36172;0.0905273;277.92;
0.0188;-0.483516;-1.36996;1.85348;0.0150879;0;0;2.04487;0.0452637;273.6;
0.0188667;-0.241758;-0.241758;0.483516;0.0150879;0;-0.0150879;0.614469;0.0452637;270.72;
0.0189333;-0.161172;1.36996;-1.20879;0;-0.0150879;0.0150879;1.48077;0.105615;267.84;
0.019;-0.40293;2.9011;-2.49817;0.0150879;-0.0150879;0;3.12271;0.0301758;264.96;
0.0190667;-0.725275;3.78755;-3.06227;0.0150879;-0.0150879;0;3.99908;0.0301758;262.08;
0.0191333;-0.725275;4.67399;-3.94872;0.0150879;-0.0150879;0.0150879;5.01648;0.0754395;259.2;
0.0192;-1.28938;5.8022;-4.51282;0.0150879;-0.0150879;0.0150879;6.07418;0.0301758;254.88;
0.0192667;-2.41758;7.17216;-4.75458;0.0150879;0;0;7.29304;0.0754395;252;
0.0193333;-3.62637;8.54212;-4.91575;0.0150879;-0.0150879;0.0150879;8.57234;0.0452637;249.12;
0.0194;-5.23809;9.8315;-4.59341;0.0150879;-0.0301758;0.0150879;9.85165;0.0301758;246.24;
0.0194667;-5.96337;10.1538;-4.19048;0.0150879;-0.0150879;0;10.2244;0.0905273;243.36;
0.0195333;-6.84982;9.8315;-2.98168;0.0150879;-0.0150879;0.0150879;10.1035;0.0754395;241.92;
0.0196;-8.21978;8.94505;-0.725274;0.0150879;-0.0150879;0;9.97253;0.0301758;239.04;
0.0196667;-9.50916;7.57509;1.93407;0.0301758;-0.0150879;0;10.1035;0.0754395;236.16;
0.0197333;-10.2344;5.8022;4.43223;0.0150879;-0.0150879;0;10.3251;0.0905273;233.28;
0.0198;-10.2344;4.75458;5.47985;0.0150879;-0.0150879;0;10.3049;0.0150879;230.4;
0.0198667;-9.10623;3.70696;5.39927;0.0301758;0;0;9.22711;0.0150879;226.08;
0.0199333;-7.17216;3.06227;4.10989;0.0301758;0;0;7.26282;0.0754395;223.2;
0.02;-5.39927;1.85348;3.54579;0.0150879;0;-0.0150879;5.55037;0.0301758;220.32;
0.0200667;-3.54579;0.805861;2.73993;0.0150879;0;-0.0150879;3.77747;0.0301758;217.44;
0.0201333;-2.65934;0.161172;2.49817;0.0150879;0;0;3.04212;0.0754395;213.12;
0.0202;-1.36996;0.0805861;1.28938;0.0150879;0;0;1.60165;0.0301758;210.24;
0.0202667;0.0805861;0.40293;-0.483516;0;0;0;0.543956;0.0754395;207.36;
0.0203333;2.01465;0.483516;-2.49817;0.0150879;0;0;2.67949;0.0452637;204.48;
0.0204;3.38462;0.644689;-4.0293;0;0;0.0150879;4.35165;0.0301758;200.16;
0.0204667;4.0293;0.644689;-4.67399;0;0;0.0150879;5.087;0.0754395;197.28;
0.0205333;4.59341;1.45055;-6.04396;0;0;0.0150879;6.33608;0.0905273;194.4;
0.0206;4.75458;2.41758;-7.17216;0;0;0.0150879;7.32326;0.0603516;191.52;
0.0206667;4.75458;3.70696;-8.46154;0;-0.0150879;0.0150879;8.5119;0.0905273;188.64;
0.0207333;4.27106;5.31868;-9.58974;0.0150879;0;0.0150879;9.63004;0.0754395;185.76;
0.0208;3.22344;6.60806;-9.8315;0.0150879;0;0.0150879;10.043;0.0150879;182.88;
0.0208667;1.85348;7.41392;-9.2674;0.0150879;0;0.0150879;9.8315;0.0301758;181.44;
0.0209333;-0.241758;8.54212;-8.30037;0.0150879;0;0.0150879;9.70055;0.0603516;178.56;
0.021;-2.98168;9.67033;-6.68864;0.0150879;0;0.0150879;9.89194;0.0150879;175.68;
0.0210667;-4.91575;10.3956;-5.47985;0.0301758;-0.0301758;0;10.4057;0.0301758;172.8;
0.0211333;-4.99634;9.8315;-4.83516;0.0150879;-0.0150879;0;9.84157;0.0754395;169.92;
0.0212;-4.67399;8.7033;-4.0293;0.0301758;-0.0150879;0;8.72344;0.0301758;167.04;
0.0212667;-3.94872;7.01099;-3.06227;0.0150879;0;0.0150879;7.04121;0.0754395;162.72;
0.0213333;-2.98168;5.31868;-2.337;0.0150879;-0.0150879;0;5.33883;0.0452637;159.84;
0.0214;-2.337;3.30403;-0.967033;0.0150879;0;-0.0150879;3.41483;0.0150879;155.52;
0.0214667;-1.69231;2.01465;-0.322344;0.0150879;0;0.0150879;2.19597;0.0754395;152.64;
0.0215333;-0.40293;0.564103;-0.161172;0.0150879;0;-0.0150879;0.604396;0.0905273;149.76;
0.0216;1.45055;-1.04762;-0.40293;0.0150879;0.0150879;0;1.53114;0.0150879;145.44;
0.0216667;3.4652;-2.98168;-0.483517;0.0150879;0.0150879;0;3.79762;0.0150879;142.56;
0.0217333;3.94872;-3.78755;-0.161172;0;0;0;4.52289;0.0905273;139.68;
0.0218;5.07692;-4.27106;-0.805861;0;0;0;5.5;0.0301758;136.8;
0.0218667;5.96337;-4.83516;-1.1282;0;0.0150879;0;6.37637;0.0150879;133.92;
0.0219333;7.57509;-5.23809;-2.337;0;0;0.0150879;7.7967;0.0754395;131.04;
0.022;9.02564;-5.15751;-3.86813;0;0;0;9.08608;0.0452637;128.16;
0.0220667;10.1538;-4.0293;-6.12454;0.0150879;0.0150879;0;10.2445;0.0301758;125.28;
0.0221333;10.0733;-2.57875;-7.4945;0;0;0.0150879;10.4661;0.0754395;122.4;
0.0222;9.67033;-0.40293;-9.2674;0;-0.0150879;0.0150879;10.9295;0.0150879;120.96;
0.0222667;8.30037;2.09524;-10.3956;0;0;0.0150879;11.0302;0.0754395;118.08;
0.0223333;6.9304;4.67399;-11.6044;0.0150879;0;0;11.7051;0.0301758;115.2;
0.0224;5.47985;5.88278;-11.3626;0;-0.0150879;0.0150879;11.3929;0.0301758;110.88;
0.0224667;4.59341;5.31868;-9.91209;0;-0.0150879;0.0150879;9.94231;0.0905273;108;
0.0225333;3.62637;4.67399;-8.30037;0.0150879;-0.0150879;0.0150879;8.35073;0.0754395;105.12;
0.0226;2.49817;3.94872;-6.44689;0.0150879;-0.0150879;0.0150879;6.52747;0.0452637;100.8;
0.0226667;1.12821;2.98168;-4.10989;0.0150879;-0.0150879;0;4.27106;0.0150879;97.92;
0.0227333;0.161172;2.09524;-2.25641;0;0;0;2.53846;0;95.04;
0.0228;-0.241758;0.967033;-0.725275;0.0150879;0;0;-0.997253;0;92.16;
0.0228667;-0.40293;-0.40293;0.805861;0.0150879;0;-0.0150879;-0.936813;0.0754395;89.28;
0.0229333;-0.40293;-2.337;2.73993;0.0301758;0;0;-3.08242;0.0603516;86.4;
0.023;-0.161172;-3.38462;3.54579;0.0150879;0;-0.0150879;4.11996;0.0301758;82.08;
0.0230667;0.322344;-4.0293;3.70696;0.0150879;0;-0.0150879;4.54304;0.0452637;79.2;
0.0231333;0.805861;-4.67399;3.86813;0.0150879;0;-0.0150879;5.06685;0.0301758;76.32;
0.0232;1.53114;-5.96337;4.43223;0.0150879;0.0150879;0;6.26557;0.0150879;73.44;
0.0232667;2.73993;-7.4945;4.75458;0;0.0150879;0;7.65568;0.0754395;70.56;
0.0233333;4.51282;-8.7033;4.19048;0;0;0;8.77381;0;67.68;
0.0234;6.20513;-9.67033;3.4652;0.0150879;0.0150879;0;9.86172;0;64.8;
0.0234667;7.09157;-9.42857;2.337;0;0.0150879;0;9.88187;0.0754395;61.92;
0.0235333;8.21978;-8.78388;0.564102;0;0.0150879;0.0150879;9.89194;0.0754395;59.04;
0.0236;9.34798;-7.57509;-1.77289;0;0;0.0150879;9.97253;0.0301758;56.16;
0.0236667;10.315;-5.8022;-4.51282;0;0;0;10.3654;0;53.28;
0.0237333;10.315;-5.23809;-5.07692;0;0.0150879;0.0150879;10.3352;0.0754395;50.4;
0.0238;9.34798;-4.59341;-4.75458;0;0;0.0301758;9.36813;0.0301758;47.52;
0.0238667;8.05861;-3.4652;-4.59341;0;0;0;8.0989;0.0301758;44.64;
0.0239333;6.12454;-2.49817;-3.62637;0.0150879;0;0.0150879;6.17491;0.0754395;41.76;
0.024;4.59341;-1.28938;-3.30403;0;0;0;4.7445;0.0301758;38.88;
0.0240667;2.82051;-0.40293;-2.41758;0;0;0;3.04212;0.0301758;34.56;
0.0241333;1.93407;-0.161172;-1.77289;0.0150879;0;0.0150879;2.13553;0.0603516;31.68;
0.0242;0.725275;-0.0805861;-0.644689;0.0150879;0;0;0.785714;0.0150879;28.8;
0.0242667;-0.886447;-0.40293;1.28938;0.0150879;0;0;1.44048;0.0754395;25.92;
0.0243333;-2.57875;-0.564103;3.14286;0.0150879;0;0;3.4652;0.0452637;21.6;
0.0244;-3.54579;-0.886447;4.43223;0.0301758;0;0;4.80494;0.0150879;18.72;
0.0244667;-4.27106;-1.45055;5.72161;0.0150879;0.0150879;0;6.0641;0.0603516;15.84;
0.0245333;-4.35165;-2.337;6.68864;0.0301758;0;0;6.91026;0.0905273;12.96;
0.0246;-4.43223;-3.70696;8.13919;0.0301758;0;0;8.27015;0.0150879;10.08;
0.0246667;-3.86813;-5.39927;9.2674;0.0301758;0;-0.0150879;9.43864;0.0150879;7.2;
0.0247333;-3.30403;-6.04396;9.34798;0.0301758;0.0150879;-0.0150879;9.60989;0.0754395;4.32;
0.0248;-2.01465;-7.09157;9.10623;0.0150879;0;-0.0150879;9.69048;0.0301758;2.88;
0.0248667;0.0805861;-8.21978;8.13919;0.0150879;0.0150879;-0.0150879;9.50916;0.0150879;0;
0.0249333;2.65934;-9.50916;6.84982;0.0150879;0;0;9.88187;0.0905273;357.12;
0.025;5.07692;-10.7985;5.72161;0.0150879;0;0;10.869;0.0150879;354.24;
0.0250667;5.88278;-10.5568;4.67399;0;0;0;10.6474;0.0301758;351.36;
0.0251333;5.23809;-9.2674;4.0293;0;0;0;9.35806;0.0754395;348.48;
0.0252;4.59341;-7.65568;3.06227;0.0150879;0;0;7.76648;0.0150879;344.16;
0.0252667;3.62637;-5.8022;2.17582;0;0.0150879;0;5.92308;0.0754395;341.28;
0.0253333;2.98168;-3.62637;0.644689;0.0150879;0;-0.0150879;3.92857;0.0301758;336.96;
0.0254;1.93407;-2.9011;0.967033;0;0;0;3.0119;0;334.08;
0.0254667;1.04762;-1.12821;0.0805861;0.0150879;0.0150879;0;1.30952;0.0603516;331.2;
0.0255333;-0.40293;0.40293;0;0.0150879;0;0;0.503663;0.0754395;326.88;
0.0256;-2.337;2.41758;-0.0805862;0.0150879;0;0.0150879;2.78022;0.0150879;324;
0.0256667;-3.70696;3.4652;0.241758;0.0150879;-0.0150879;0;4.19048;0.0301758;321.12;
0.0257333;-4.67399;4.19048;0.483516;0.0150879;0;0.0150879;5.18773;0.0603516;318.24;
0.0258;-5.72161;4.67399;1.04762;0.0150879;-0.0150879;0.0150879;6.14469;0.0150879;315.36;
0.0258667;-7.17216;5.07692;2.09524;0.0301758;0;0;7.43407;0.0150879;312.48;
0.0259333;-8.78388;4.83516;3.94872;0.0150879;0;0;8.86447;0.0603516;309.6;
0.026;-9.91209;3.94872;5.96337;0.0301758;0;0;10.043;0.0150879;306.72;
0.0260667;-10.0733;2.9011;7.17216;0.0301758;0;-0.0150879;10.4359;0.0452637;303.84;
0.0261333;-9.8315;0.564103;9.2674;0.0301758;-0.0150879;-0.0150879;11.1108;0.0905273;300.96;
0.0262;-8.7033;-1.77289;10.4762;0.0150879;0;-0.0150879;11.3324;0.0301758;298.08;
0.0262667;-7.57509;-4.43223;12.0073;0.0301758;0.0150879;-0.0150879;12.2692;0.0603516;295.2;
0.0263333;-6.3663;-5.39927;11.7656;0;0;0;11.9066;0;292.32;
0.0264;-5.72161;-5.39927;11.1209;0.0301758;0;-0.0150879;11.2518;0.0150879;289.44;
0.0264667;-4.91575;-4.91575;9.8315;0.0301758;0.0150879;-0.0150879;9.96245;0.0754395;286.56;
0.0265333;-3.78755;-3.94872;7.73626;0.0150879;0.0150879;0;7.86722;0.0754395;282.24;
0.0266;-2.41758;-3.14286;5.56044;0.0150879;0;-0.0150879;5.70146;0.0150879;279.36;
0.0266667;-1.12821;-1.85348;2.98168;0.0150879;-0.0150879;0;3.13278;0.0301758;275.04;
0.0267333;-0.483516;-0.805861;1.28938;0.0150879;0.0150879;0;1.4304;0.0905273;272.16;
0.0268;-0.40293;0.322344;0.0805861;0.0150879;0;0;0.473443;0.0301758;269.28;
0.0268667;-0.241758;2.01465;-1.77289;0.0150879;0;0.0150879;2.17582;0.0301758;266.4;
0.0269333;-0.564103;3.38462;-2.82051;0.0150879;0;0.0150879;3.60623;0.0754395;263.52;
0.027;-0.725275;4.43223;-3.70696;0.0150879;-0.0150879;0;4.73443;0.0301758;260.64;
0.0270667;-1.20879;5.15751;-3.94872;0.0150879;0;0.0150879;5.37912;0.0754395;257.76;
0.0271333;-2.01465;6.44689;-4.43223;0.0150879;-0.0150879;0;6.58791;0.0754395;253.44;
0.0272;-3.30403;7.97802;-4.67399;0.0301758;0;0;8.01831;0.0301758;250.56;
0.0272667;-4.83516;9.34798;-4.51282;0.0150879;-0.0150879;0.0150879;9.35806;0.0754395;247.68;
0.0273333;-6.12454;10.0733;-3.94872;0.0150879;-0.0150879;0.0150879;10.1639;0.0301758;244.8;
0.0274;-6.84982;10.0733;-3.22344;0.0150879;0;0.0150879;10.315;0.0150879;243.36;
0.0274667;-7.81685;9.34798;-1.53114;0.0301758;-0.0150879;0.0150879;10.0632;0.0754395;240.48;
0.0275333;-9.10623;8.21978;0.886447;0.0150879;0;0;10.0934;0.0754395;237.6;
0.0276;-10.0733;6.60806;3.4652;0.0301758;0;-0.0150879;10.2949;0.0754395;234.72;
0.0276667;-10.4762;4.67399;5.8022;0.0150879;-0.0150879;0;10.5668;0.0754395;231.84;
0.0277333;-9.50916;4.43223;5.07692;0.0301758;0;0;9.57967;0.0150879;227.52;
0.0278;-8.13919;3.54579;4.59341;0.0150879;0;0;8.22985;0.0301758;224.64;
0.0278667;-6.28571;2.337;3.94872;0.0301758;0;0;6.41667;0.0150879;221.76;
0.0279333;-4.35165;1.36996;2.98169;0.0150879;0.0150879;0;4.51282;0.0754395;218.88;
0.028;-2.65934;0.241758;2.41758;0.0301758;0;0;3.00183;0.0150879;214.56;
0.0280667;-1.69231;0.322344;1.36996;0.0150879;0.0150879;0;1.86355;0.0301758;211.68;
0.0281333;-0.564103;0.322344;0.241758;0;0;0;0.624542;0.0603516;208.8;
0.0282;1.12821;0.644689;-1.77289;0.0150879;0;0.0150879;1.82326;0.0150879;205.92;
0.0282667;2.57875;0.483516;-3.06227;0;0;0;3.3141;0.0754395;201.6;
0.0283333;3.86813;1.04762;-4.91575;0.0150879;0;0;5.20788;0.0301758;198.72;
0.0284;4.51282;1.45055;-5.96337;0;0;0.0150879;6.24542;0.0150879;195.84;
0.0284667;4.67399;2.09524;-6.76923;0;0;0.0150879;6.96062;0.0754395;192.96;
0.0285333;4.83516;3.54579;-8.38095;0.0150879;0;0.0150879;8.44139;0.0754395;190.08;
0.0286;4.27106;4.91575;-9.18681;0.0150879;0;0.0150879;9.21703;0.0150879;187.2;
0.0286667;3.38462;6.60806;-9.99267;0.0150879;0;0.0150879;10.1841;0.0150879;184.32;
0.0287333;2.41758;7.41392;-9.8315;0;-0.0150879;0.0150879;10.2647;0.0754395;181.44;
0.0288;0.40293;8.54212;-8.94505;0;-0.0150879;0.0301758;10.1236;0.0301758;180;
0.0288667;-2.09524;9.75092;-7.65568;0.0150879;-0.0150879;0;10.2546;0.0150879;177.12;
0.0289333;-4.67399;10.6374;-5.96337;0.0150879;-0.0150879;0.0150879;10.6676;0.0754395;174.24;
0.029;-5.39927;10.5568;-5.15751;0.0301758;-0.0150879;0.0150879;10.5668;0.0150879;171.36;
0.0290667;-4.91575;9.58974;-4.67399;0.0150879;-0.0150879;0.0150879;9.59982;0.0150879;168.48;
0.0291333;-4.0293;8.21978;-4.19048;0.0150879;0;0;8.22985;0.0754395;164.16;
0.0292;-3.30403;6.3663;-3.06227;0.0150879;-0.0150879;0;6.37637;0.0301758;161.28;
0.0292667;-2.98168;4.35165;-1.36996;0.0150879;0;0;4.47253;0.0754395;156.96;
0.0293333;-1.36996;2.49817;-1.12821;0.0150879;-0.0150879;0;2.50824;0.0452637;154.08;
0.0294;-0.564103;1.28938;-0.725275;0.0150879;-0.0150879;0;1.29945;0.0301758;151.2;
0.0294667;0.967033;-0.241758;-0.725275;0.0150879;0;0;1.00733;0.0754395;146.88;
0.0295333;2.98168;-2.337;-0.644689;0.0150879;0.0150879;0;3.17308;0.0754395;144;
0.0296;3.78755;-3.62637;-0.161172;0.0150879;0.0150879;0;4.3315;0;141.12;
0.0296667;4.83516;-4.19048;-0.644689;0.0150879;0;0;5.29853;0.0150879;138.24;
0.0297333;5.96337;-4.75458;-1.20879;0.0150879;0;0;6.34615;0.0754395;135.36;
0.0298;7.25275;-5.15751;-2.09524;0;0.0150879;0;7.50458;0.0150879;132.48;
0.0298667;9.02564;-4.75458;-4.27106;0;0.0150879;0.0150879;9.05586;0.0150879;129.6;
0.0299333;9.8315;-4.35165;-5.47985;0;0;0.0150879;9.87179;0.0754395;126.72;
0.03;10.3956;-3.30403;-7.09158;0;0;0;10.6273;0.0301758;123.84;
0.0300667;9.91209;-1.20879;-8.7033;0;0;0.0150879;10.8086;0.0452637;120.96;
0.0301333;9.02564;1.28938;-10.315;0.0150879;0.0150879;0;11.272;0.0603516;118.08;
0.0302;7.73626;3.94872;-11.685;0;0;0.0301758;11.9167;0.0150879;115.2;
0.0302667;5.88278;5.64103;-11.5238;0;0;0.0301758;11.554;0.0754395;112.32;
0.0303333;5.39927;5.47985;-10.8791;0.0150879;0;0.0150879;10.9093;0.0603516;109.44;
0.0304;4.51282;4.99634;-9.50916;0.0150879;-0.0150879;0.0301758;9.53938;0.0150879;106.56;
0.0304667;3.38462;4.27106;-7.65568;0;-0.0150879;0.0150879;7.69597;0.0754395;102.24;
0.0305333;2.01465;3.22344;-5.23809;0.0150879;0;0;5.30861;0.0603516;99.36;
0.0306;0.805861;1.85348;-2.65934;0.0150879;0;0.0150879;2.75;0.0150879;95.04;
0.0306667;0.40293;0.967033;-1.36996;0;0;0;1.4304;0.0754395;92.16;
0.0307333;0.322344;-0.40293;0.0805861;0;0;0;0.483516;0.0603516;89.28;
0.0308;0.241758;-1.85348;1.61172;0.0150879;0;0;2.08516;0.0150879;86.4;
0.0308667;0.241758;-2.98168;2.73993;0.0301758;0;0;3.37454;0.0301758;83.52;
0.0309333;0.0805861;-4.10989;4.0293;0.0150879;0;0;4.76465;0.0905273;80.64;
0.031;0.644689;-4.83516;4.19048;0;0.0150879;0;5.31868;0.0150879;77.76;
0.0310667;1.45055;-5.88278;4.43223;0.0150879;0;0;6.19505;0.0150879;73.44;
0.0311333;2.65934;-7.25275;4.59341;0.0150879;0.0150879;0;7.40385;0.0452637;70.56;
0.0312;4.0293;-8.78388;4.75458;0.0150879;0.0150879;0;8.86447;0.0150879;67.68;
0.0312667;5.96337;-9.50916;3.54579;0.0150879;0.0150879;0;9.67033;0.0603516;66.24;
0.0313333;6.76923;-9.42857;2.65934;0;0;0;9.78113;0.0452637;63.36;
0.0314;7.97802;-8.78388;0.805861;0;0;0;9.77106;0.0150879;60.48;
0.0314667;9.18681;-7.65568;-1.53114;0;0.0150879;0.0150879;9.89194;0.0754395;57.6;
0.0315333;10.1538;-6.20513;-3.94872;0;0.0150879;0.0150879;10.2647;0.0754395;54.72;
0.0316;10.7985;-5.39927;-5.39927;0;0;0;10.8187;0.0452637;51.84;
0.0316667;9.91209;-4.83516;-5.07692;-0.0150879;0;0.0150879;9.93223;0.0452637;48.96;
0.0317333;8.46154;-3.94872;-4.51282;0;0;0.0150879;8.49176;0.0603516;46.08;
0.0318;6.68864;-2.82051;-3.86813;0;0;0.0150879;6.72894;0.0301758;41.76;
0.0318667;5.31868;-1.53114;-3.78755;0.0150879;0;0.0150879;5.47985;0.0150879;38.88;
0.0319333;3.30403;-0.644689;-2.65934;0.0150879;0;0.0150879;3.49542;0.0754395;36;
0.032;2.01465;-0.483516;-1.53114;0.0150879;0;0.0150879;2.09524;0.0150879;31.68;
0.0320667;1.04762;-0.40293;-0.644689;0.0150879;0;0.0150879;1.06777;0.0150879;28.8;
0.0321333;-0.40293;-0.40293;0.805861;0.0301758;0;0;0.936813;0.0603516;25.92;
0.0322;-2.17582;-0.644689;2.82051;0.0150879;0;0;3.07234;0.0150879;23.04;
0.0322667;-3.4652;-1.04762;4.51282;0.0150879;0;-0.0150879;4.84524;0.0905273;20.16;
0.0323333;-4.10989;-1.36996;5.47985;0.0150879;0;0;5.82234;0.0452637;15.84;
0.0324;-4.59341;-2.337;6.9304;0.0150879;0;-0.0150879;7.17216;0.0301758;12.96;
0.0324667;-4.35165;-3.62637;7.97802;0.0301758;0;-0.0301758;8.11905;0.0905273;10.08;
0.0325333;-3.94872;-5.23809;9.18681;0.0150879;0;-0.0150879;9.33791;0.0905273;7.2;
0.0326;-3.4652;-5.88278;9.34798;0.0301758;0;-0.0150879;9.57967;0.0301758;5.76;
0.0326667;-2.17582;-6.68864;8.86447;0.0150879;0;0;9.35806;0;2.88;
0.0327333;-0.241758;-8.05861;8.30037;0.0150879;0;-0.0150879;9.55952;0.0452637;0;
0.0328;2.25641;-9.34798;7.09157;0.0150879;0.0150879;-0.0150879;9.82143;0.0452637;357.12;
0.0328667;4.75458;-10.5568;5.8022;0.0150879;0.0150879;0;10.6374;0.0150879;354.24;
0.0329333;5.8022;-10.3956;4.59341;0.0150879;0.0150879;0;10.4863;0.0150879;351.36;
0.033;5.31868;-9.50916;4.19048;0;0;0;9.58974;0;348.48;
0.0330667;4.51282;-7.89744;3.38461;0;0;0;7.98809;0.0301758;345.6;
0.0331333;3.70696;-6.20513;2.49817;0.0150879;0;0;6.30586;0.0603516;341.28;
0.0332;2.9011;-4.19048;1.28938;0;0.0150879;0;4.35165;0.0452637;338.4;
0.0332667;2.01465;-2.49817;0.483517;0;0.0150879;0;2.70971;0.0754395;334.08;
0.0333333;0.886447;-1.53114;0.644689;0;0;0;1.60165;0.0301758;331.2;
0.0334;-0.40293;0.161172;0.241758;0.0150879;0;0;0.46337;0.0603516;328.32;
0.0334667;-2.49817;2.01465;0.483517;0.0150879;-0.0150879;0;2.69963;0.0905273;324;
0.0335333;-3.62637;3.14286;0.483516;0.0150879;0;0.0150879;3.98901;0.0754395;321.12;
0.0336;-4.59341;4.0293;0.564103;0.0150879;-0.0150879;0;5.05678;0.0301758;318.24;
0.0336667;-5.56044;4.67399;0.886447;0.0301758;0;0;6.02381;0;315.36;
0.0337333;-7.09157;4.91575;2.17582;0.0150879;-0.0150879;0;7.32326;0.0754395;312.48;
0.0338;-8.38095;4.91575;3.4652;0.0150879;-0.0150879;0;8.48168;0.0301758;309.6;
0.0338667;-9.75092;4.35165;5.39927;0.0150879;-0.0150879;0;9.8315;0.0301758;306.72;
0.0339333;-10.0733;3.06227;7.01099;0.0301758;0;0;10.3956;0.0754395;303.84;
0.034;-9.58974;1.12821;8.46154;0.0150879;-0.0150879;0;10.5467;0.0301758;300.96;
0.0340667;-8.86447;-1.45055;10.315;0.0301758;0;-0.0301758;11.2921;0.0301758;298.08;
0.0341333;-7.4945;-4.10989;11.6044;0.0301758;0.0150879;-0.0150879;11.8965;0.0754395;295.2;
0.0342;-6.44689;-5.56044;12.0073;0.0150879;0;-0.0150879;12.1484;0.0301758;292.32;
0.0342667;-5.8022;-5.47985;11.2821;0.0150879;0;-0.0150879;11.413;0.0905273;289.44;
0.0343333;-4.99634;-4.83516;9.8315;0.0301758;0;0;9.96245;0.0301758;286.56;
0.0344;-3.94872;-4.0293;7.97802;0.0301758;0.0150879;-0.0150879;8.10897;0.0301758;282.24;
0.0344667;-2.73993;-3.30403;6.04396;0.0150879;0.0150879;0;6.17491;0.0754395;279.36;
0.0345333;-1.53114;-1.93407;3.4652;0;0;0;3.59615;0.0905273;276.48;
0.0346;-0.805861;-0.805861;1.61172;0;0;0;1.74267;0.0301758;272.16;
0.0346667;-0.564103;0.40293;0.161172;0.0301758;0.0150879;-0.0150879;0.634615;0.0754395;270.72;
0.0347333;-0.483516;2.09524;-1.61172;0;0;0.0150879;2.17582;0.0905273;267.84;
0.0348;-0.725275;3.54579;-2.82051;0.0150879;0;0.0150879;3.72711;0.0150879;263.52;
0.0348667;-0.725275;4.35165;-3.62637;0.0150879;-0.0150879;0;4.64377;0.0452637;260.64;
0.0349333;-1.12821;4.99634;-3.86813;0.0150879;0;0;5.22802;0.0905273;257.76;
0.035;-1.77289;6.44689;-4.67399;0.0150879;-0.0150879;0;6.64835;0.0150879;254.88;
0.0350667;-2.98168;7.57509;-4.59341;0.0301758;-0.0150879;0.0150879;7.62546;0.0150879;252;
0.0351333;-4.51282;9.18681;-4.67399;0.0150879;-0.0150879;0;9.19689;0.0905273;249.12;
0.0352;-5.88278;10.1538;-4.27106;0.0150879;-0.0150879;0;10.2143;0.0301758;246.24;
0.0352667;-6.60806;10.2344;-3.62637;0.0301758;0;0;10.3956;0.0754395;243.36;
0.0353333;-7.65568;9.8315;-2.17582;0.0301758;0;0;10.3553;0.0301758;240.48;
0.0354;-9.02564;8.7033;0.322344;0.0301758;0;0;10.2848;0.0150879;237.6;
0.0354667;-10.0733;7.25275;2.82051;0.0301758;0;-0.0301758;10.446;0.0754395;234.72;
0.0355333;-10.4762;5.31868;5.15751;0.0301758;0;0;10.5467;0.0754395;231.84;
0.0356;-10.0733;4.91575;5.15751;0.0301758;0;0;10.1438;0.0150879;228.96;
0.0356667;-8.78388;3.94872;4.83516;0.0301758;0.0150879;-0.0150879;8.86447;0.0754395;226.08;
0.0357333;-7.01099;2.9011;4.10989;0.0150879;0;-0.0150879;7.11172;0.0754395;223.2;
0.0358;-5.07692;1.85348;3.22344;0.0150879;0;-0.0150879;5.1978;0.0301758;218.88;
0.0358667;-3.54579;0.564103;2.98168;0.0150879;0.0150879;0;3.8782;0.0150879;216;
0.0359333;-2.41758;0.483516;1.93407;0.0150879;0;0;2.61905;0.0603516;213.12;
0.036;-0.967033;0.725275;0.241758;0;0;0;1.05769;0;208.8;
0.0360667;0.483516;0.644689;-1.12821;0.0150879;-0.0150879;0;1.15842;0.0150879;205.92;
0.0361333;2.17582;0.967033;-3.14286;0;0;0;3.24359;0.0754395;203.04;
0.0362;3.30403;0.886447;-4.19048;0;0;0;4.44231;0.0301758;200.16;
0.0362667;4.19048;1.12821;-5.31868;0;0;0.0150879;5.63095;0.0754395;197.28;
0.0363333;4.67399;1.85348;-6.52747;0.0150879;0;0.0150879;6.74908;0.0150879;192.96;
0.0364;4.83516;3.06227;-7.89744;0.0150879;0;0.0150879;7.98809;0.0150879;190.08;
0.0364667;4.59341;4.43223;-9.02564;0;0.0150879;0.0150879;9.04579;0.0754395;188.64;
0.0365333;3.94872;5.96337;-9.91209;0;0;0.0150879;10.0027;0.0603516;185.76;
0.0366;3.22344;6.76923;-9.99267;0;0;0;10.2244;0.0603516;182.88;
0.0366667;1.61172;7.89744;-9.50916;0.0150879;0;0.0150879;10.1941;0.0150879;180;
0.0367333;-0.805861;9.02564;-8.21978;0.0150879;0;0.0150879;9.96245;0.0754395;178.56;
0.0368;-3.4652;10.1538;-6.68864;0.0150879;-0.0150879;0.0150879;10.315;0.0150879;175.68;
0.0368667;-5.39927;10.6374;-5.23809;0.0301758;-0.0150879;0.0150879;10.6474;0.0150879;172.8;
0.0369333;-4.91575;9.8315;-4.91575;0.0150879;-0.0150879;0;9.8315;0.0905273;168.48;
0.037;-4.51282;8.7033;-4.19048;0.0150879;-0.0150879;0;8.71337;0.0301758;165.6;
0.0370667;-4.27106;6.84982;-2.57875;0.0150879;0;0.0150879;6.9304;0.0754395;162.72;
0.0371333;-2.98168;5.23809;-2.25641;0.0150879;-0.0150879;0;5.26831;0.105615;158.4;
0.0372;-1.85348;3.06227;-1.20879;0.0301758;-0.0150879;-0.0150879;3.10256;0.0301758;155.52;
0.0372667;-0.725275;1.77289;-1.04762;0.0150879;0;0.0150879;1.78297;0.0603516;151.2;
0.0373333;0.805861;0.483516;-1.28938;0.0150879;0;0;1.32967;0.0301758;148.32;
0.0374;2.41758;-1.36996;-1.04762;0;0;0;2.4478;0;145.44;
0.0374667;3.94872;-2.98168;-0.967033;0;0.0150879;0.0150879;4.15018;0.0754395;142.56;
0.0375333;4.67399;-3.94872;-0.725275;0;0;0;5.07692;0.0905273;139.68;
0.0376;5.56044;-4.59341;-0.967033;0;0.0150879;0.0150879;5.98352;0.0754395;135.36;
0.0376667;6.76923;-4.83516;-1.93407;0;0;0;7.01099;0.0301758;132.48;
0.0377333;8.21978;-5.07692;-3.14286;0.0150879;-0.0150879;0;8.33059;0.0452637;129.6;
0.0378;9.75092;-4.75458;-4.99634;0;0;0.0150879;9.77106;0.0301758;128.16;
0.0378667;10.4762;-4.10989;-6.3663;0;0.0150879;0.0150879;10.5668;0.0301758;125.28;
0.0379333;10.315;-2.98168;-7.33333;0;0.0150879;0.0150879;10.6172;0.0603516;122.4;
0.038;9.99267;-0.564103;-9.42857;0;-0.0150879;0.0301758;11.2115;0.0301758;119.52;
0.0380667;9.10623;2.09524;-11.2015;0.0150879;-0.0150879;0;11.9368;0.0452637;116.64;
0.0381333;7.73626;4.51282;-12.2491;0;-0.0150879;0.0150879;12.4203;0.0754395;113.76;
0.0382;6.12454;5.72161;-11.8462;0.0150879;0;-0.0150879;11.8764;0.0150879;110.88;
0.0382667;5.31868;5.23809;-10.5568;0;-0.0150879;0.0150879;10.587;0.0754395;108;
0.0383333;4.59341;4.67399;-9.2674;0.0150879;-0.0150879;0.0150879;9.28755;0.0452637;105.12;
0.0384;3.30403;3.54579;-6.84982;0.0150879;0;0.0150879;6.88004;0.0150879;100.8;
0.0384667;2.01465;2.41758;-4.43223;0.0150879;0;0.0150879;4.46245;0.0754395;97.92;
0.0385333;1.36996;1.28938;-2.65934;0.0301758;0;0;2.67949;0.0301758;95.04;
0.0386;0.805861;-0.0805861;-0.725275;0.0150879;-0.0150879;0.0150879;0.876374;0.0150879;92.16;
0.0386667;0.967033;-1.12821;0.161172;0.0150879;0.0150879;0;1.26923;0.0150879;89.28;
0.0387333;0.805861;-2.73993;1.93407;0.0150879;0;0;2.88095;0.0905273;86.4;
0.0388;0.805861;-3.62637;2.82051;0.0150879;0;-0.0150879;3.8782;0.0301758;82.08;
0.0388667;0.805861;-4.19048;3.38462;0.0150879;0;0;4.51282;0.0150879;79.2;
0.0389333;1.28938;-5.23809;3.94872;0.0150879;0.0150879;0;5.53022;0.0754395;76.32;
0.039;2.09524;-6.68864;4.59341;0.0150879;0;0;6.91026;0.0150879;73.44;
0.0390667;3.62637;-8.13919;4.51282;0;0.0150879;0;8.21978;0.0301758;70.56;
0.0391333;5.07692;-9.50916;4.43223;0;0.0150879;0;9.57967;0.0754395;67.68;
0.0392;6.60806;-10.2344;3.62637;0;0;0;10.446;0;64.8;
0.0392667;7.4945;-10.2344;2.73993;0.0150879;0.0150879;0;10.6575;0.0754395;61.92;
0.0393333;8.78388;-9.8315;1.04762;0.0150879;0.0150879;0;10.859;0;60.48;
0.0394;9.99267;-8.94505;-1.04762;0;0.0150879;0.0150879;11.0302;0.0150879;57.6;
0.0394667;11.0403;-7.4945;-3.54579;0;0.0150879;0.0150879;11.3123;0.0754395;54.72;
0.0395333;10.7985;-6.20513;-4.59341;0;0;0.0150879;10.869;0.0603516;51.84;
0.0396;10.315;-5.39927;-4.91575;0;0.0150879;0.0150879;10.3452;0.0150879;48.96;
0.0396667;9.10623;-4.83516;-4.27106;0;0.0150879;0.0150879;9.13645;0.0150879;46.08;
0.0397333;7.73626;-3.94872;-3.78755;0;0;0.0150879;7.75641;0.0905273;43.2;
0.0398;6.28571;-2.98168;-3.30403;0;0;0;6.30586;0.0150879;38.88;
0.0398667;4.67399;-1.93407;-2.73993;0;0;0;4.70421;0.0603516;36;
0.0399333;2.49817;-1.36996;-1.12821;0.0150879;-0.0150879;0.0150879;2.51831;0.105615;33.12;
0.04;1.69231;-1.20879;-0.483516;0.0150879;0;0.0150879;1.77289;0.0150879;30.24;
0.0400667;0.40293;-1.69231;1.28938;0;0;0;1.83333;0.0603516;27.36;
0.0401333;-1.12821;-1.93407;3.06227;0.0150879;0.0150879;0;3.22344;0.0754395;24.48;
0.0402;-2.337;-1.93407;4.27106;0.0150879;0;0;4.40201;0.0301758;20.16;
0.0402667;-3.22344;-2.337;5.56044;0.0150879;0.0150879;0;5.71154;0.0754395;17.28;
0.0403333;-3.54579;-2.65934;6.20513;0.0150879;0;0;6.35623;0.0301758;14.4;
0.0404;-4.10989;-3.86813;7.97802;0.0150879;0;0;8.10897;0;11.52;
0.0404667;-3.94872;-5.23809;9.18681;0.0150879;0;-0.0150879;9.33791;0.0754395;10.08;
0.0405333;-3.62637;-5.96337;9.58974;0.0150879;0.0150879;-0.0150879;9.81135;0.0603516;7.2;
0.0406;-2.65934;-6.84982;9.50916;0.0301758;0;-0.0150879;9.93223;0.0150879;4.32;
0.0406667;-1.28938;-8.21978;9.50916;0.0150879;0.0150879;-0.0150879;10.4359;0.0150879;1.44;
0.0407333;0.967033;-9.50916;8.54212;0.0150879;0.0150879;0;10.5366;0.0603516;0;
0.0408;3.4652;-10.7985;7.33333;0.0150879;0.0150879;0;11.0907;0.0150879;357.12;
0.0408667;5.64103;-11.4432;5.8022;0;0.0150879;-0.0150879;11.5037;0.0301758;354.24;
0.0409333;5.72161;-10.7985;5.07692;0.0150879;0.0150879;0;10.869;0.0754395;351.36;
0.041;4.91575;-9.58974;4.67399;0;0;0;9.65018;0.0301758;347.04;
0.0410667;4.19048;-8.38095;4.19048;0;0;0;8.44139;0.0301758;344.16;
0.0411333;3.38462;-6.60806;3.22344;0;0.0150879;0;6.67857;0.0905273;341.28;
0.0412;2.49817;-4.67399;2.17582;0;0;0;4.7445;0.0301758;336.96;
0.0412667;1.12821;-2.57875;1.45055;0.0150879;0.0150879;0;2.64927;0.0754395;334.08;
0.0413333;0.0805861;-1.28938;1.20879;0.0150879;-0.0150879;0;1.51099;0.0452637;329.76;
0.0414;-1.61172;0;1.61172;0.0150879;0;0.0150879;1.97436;0;326.88;
0.0414667;-3.14286;1.12821;2.01465;0.0150879;0;0.0150879;3.24359;0.0603516;324;
0.0415333;-4.10989;2.49817;1.61172;0.0150879;0;0;4.20055;0.0754395;321.12;
0.0416;-5.47985;3.78755;1.69231;0.0301758;0;0;5.67125;0.0150879;318.24;
0.0416667;-7.01099;4.59341;2.41758;0.0301758;-0.0150879;0;7.18223;0.0150879;315.36;
0.0417333;-8.21978;4.99634;3.22344;0.0301758;0;0;8.34066;0.0754395;312.48;
0.0418;-9.67033;4.67399;4.99634;0.0301758;-0.0150879;0;9.74084;0.0150879;309.6;
0.0418667;-10.7179;4.0293;6.68864;0.0301758;-0.0150879;-0.0150879;10.8993;0.0301758;306.72;
0.0419333;-10.8791;2.9011;7.97802;0.0301758;0;0;11.3324;0.0603516;303.84;
0.042;-10.5568;0.805861;9.75092;0.0301758;-0.0150879;0;11.8159;0.0150879;300.96;
0.0420667;-9.8315;-1.69231;11.5238;0.0301758;0;-0.0150879;12.5714;0.0150879;299.52;
0.0421333;-8.54212;-4.35165;12.8938;0.0150879;0.0150879;-0.0150879;13.2463;0.0754395;296.64;
0.0422;-7.57509;-5.88278;13.4579;0.0150879;0;-0.0150879;13.619;0.0301758;292.32;
0.0422667;-6.60806;-5.15751;11.7656;0.0150879;0;-0.0150879;11.9267;0.0754395;289.44;
0.0423333;-5.64103;-4.67399;10.315;0;0;0;10.456;0;286.56;
0.0424;-4.99634;-3.94872;8.94505;0.0150879;0;0;9.08608;0.0301758;283.68;
0.0424667;-4.0293;-3.06227;7.09157;0.0150879;0;0;7.24267;0;279.36;
0.0425333;-3.22344;-1.53114;4.75458;0.0150879;0.0150879;0;4.97619;0.0754395;276.48;
0.0426;-2.49817;0.161172;2.337;0.0150879;0;-0.0150879;2.86081;0.0301758;273.6;
0.0426667;-2.337;1.45055;0.886447;0.0150879;0;0;2.40751;0.0150879;270.72;
0.0427333;-2.41758;2.73993;-0.322344;0.0150879;0;0;3.02198;0.0452637;267.84;
0.0428;-2.337;4.0293;-1.69231;0.0150879;0;0;4.05952;0.0301758;264.96;
0.0428667;-2.49817;4.43223;-1.93407;0.0150879;0;0.0150879;4.45238;0.0150879;262.08;
0.0429333;-2.65934;5.72161;-3.06227;0;-0.0150879;0.0150879;5.73168;0.0754395;257.76;
0.043;-3.22344;7.33333;-4.10989;0.0301758;-0.0150879;0.0150879;7.35348;0.0150879;254.88;
0.0430667;-4.35165;8.86447;-4.51282;0.0150879;0;0.0150879;8.87454;0.0754395;252;
0.0431333;-5.72161;10.2344;-4.51282;0.0150879;0;0.0150879;10.2647;0.0754395;249.12;
0.0432;-6.20513;10.7985;-4.59341;0.0150879;-0.0150879;0.0150879;10.8489;0.0301758;246.24;
0.0432667;-7.17216;10.9597;-3.78755;0.0150879;-0.0150879;0.0150879;11.1511;0.0754395;243.36;
0.0433333;-8.38095;11.0403;-2.65934;0.0150879;-0.0150879;0;11.554;0.0754395;240.48;
0.0434;-9.91209;10.315;-0.40293;0.0301758;-0.0150879;0;11.7253;0.0301758;239.04;
0.0434667;-11.2015;9.10623;2.09524;0.0301758;-0.0150879;-0.0150879;11.967;0.0905273;236.16;
0.0435333;-12.0073;7.73626;4.27106;0.0301758;0;-0.0150879;12.239;0.0754395;233.28;
0.0436;-11.6044;6.20513;5.39927;0;0;0;11.6749;0;230.4;
0.0436667;-10.4762;5.31868;5.15751;0.0301758;0;-0.0150879;10.5467;0.0150879;227.52;
0.0437333;-9.10623;4.83516;4.27106;0.0150879;0;-0.0150879;9.17674;0.0754395;223.2;
0.0438;-7.4945;4.0293;3.4652;0.0301758;-0.0150879;0.0150879;7.56502;0.0150879;220.32;
0.0438667;-5.64103;3.14286;2.49817;0.0301758;0;0;5.71154;0.0150879;217.44;
0.0439333;-3.70696;2.49817;1.20879;0.0150879;0;-0.0150879;3.83791;0.0603516;214.56;
0.044;-2.65934;2.41758;0.241758;0.0150879;-0.0150879;0;2.98168;0.0150879;210.24;
0.0440667;-1.28938;2.82051;-1.53114;0.0301758;0;0;2.83059;0.0150879;207.36;
0.0441333;0.322344;3.06227;-3.38462;0.0150879;0;0;3.75733;0.0754395;204.48;
0.0442;1.28938;2.9011;-4.19048;0.0150879;0;0.0150879;4.31136;0.0150879;201.6;
0.0442667;2.57875;3.14286;-5.72161;0.0150879;0;0.0150879;5.75183;0.0754395;198.72;
0.0443333;3.70696;3.62637;-7.33333;0;0;0.0301758;7.35348;0.0150879;195.84;
0.0444;4.19048;4.27106;-8.46154;0;0;0.0150879;8.48168;0.0301758;192.96;
0.0444667;4.51282;5.64103;-10.1538;0.0150879;0;0.0150879;10.1941;0.0754395;190.08;
0.0445333;4.19048;6.76923;-10.9597;0;0;0.0301758;11.0806;0.0603516;187.2;
0.0446;3.70696;7.41392;-11.1209;0;-0.0150879;0.0150879;11.3526;0.0150879;184.32;
0.0446667;2.49817;8.46154;-10.9597;0.0150879;-0.0150879;0.0150879;11.5137;0.0301758;181.44;
0.0447333;0.40293;9.8315;-10.2344;0;-0.0150879;0.0150879;11.6145;0.0905273;180;
0.0448;-2.01465;11.3626;-9.34798;0.0150879;-0.0150879;0;12.1081;0.0603516;177.12;
0.0448667;-4.43223;12.2491;-7.81685;0.0301758;-0.0150879;0.0150879;12.4002;0.0150879;174.24;
0.0449333;-4.91575;11.685;-6.76923;0.0150879;-0.0150879;0;11.7353;0.0754395;171.36;
0.045;-4.75458;10.4762;-5.72161;0.0150879;-0.0150879;0.0150879;10.4963;0.0301758;167.04;
0.0450667;-4.10989;9.50916;-5.39927;0.0301758;-0.0150879;0.0150879;9.53938;0.0452637;164.16;
0.0451333;-3.62637;8.05861;-4.43223;0.0150879;0;0;8.07875;0.0754395;161.28;
0.0452;-2.25641;6.04396;-3.78755;0.0301758;-0.0150879;0.0150879;6.10439;0.0150879;156.96;
0.0452667;-0.805861;3.62637;-2.82051;0;0;0.0150879;3.79762;0.0754395;154.08;
0.0453333;1.20879;2.09524;-3.30403;0.0150879;0.0150879;-0.0150879;3.36447;0.0452637;151.2;
0.0454;2.337;0.322344;-2.65934;0;0;0;2.93132;0.0301758;146.88;
0.0454667;3.78755;-0.886447;-2.9011;0;0.0150879;0;3.95879;0.0754395;144;
0.0455333;4.99634;-2.01465;-2.98169;0;0.0150879;0.0150879;5.03663;0.0754395;141.12;
0.0456;6.3663;-3.78755;-2.57875;0;0;0;6.43681;0.0301758;138.24;
0.0456667;7.57509;-4.59341;-2.98169;0;0;0;7.66575;0.0301758;135.36;
0.0457333;8.86447;-5.23809;-3.62637;0;0;0.0150879;8.94505;0;132.48;
0.0458;10.315;-4.91575;-5.39927;0;0;0.0150879;10.3452;0.0150879;129.6;
0.0458667;11.1209;-4.83516;-6.28571;0;0.0150879;0.0150879;11.1712;0.0150879;126.72;
0.0459333;11.685;-4.0293;-7.65568;0;0;0.0150879;11.8864;0.0905273;123.84;
0.046;11.7656;-2.41758;-9.34798;0;0.0150879;0;12.4304;0.0301758;120.96;
0.0460667;11.2015;-0.0805861;-11.1209;0;0;0.0150879;12.8736;0.0150879;119.52;
0.0461333;10.1538;2.65934;-12.8132;0;0;0.0150879;13.5586;0.0754395;116.64;
0.0462;8.78388;4.83516;-13.619;0;0;0;13.8407;0;113.76;
0.0462667;7.25275;5.64103;-12.8938;0;-0.0150879;0.0150879;12.9542;0.0754395;109.44;
0.0463333;6.12454;4.83516;-10.9597;0;-0.0150879;0.0301758;11.0101;0.0150879;106.56;
0.0464;5.15751;4.10989;-9.2674;0.0150879;-0.0150879;0.0150879;9.30769;0.0150879;103.68;
0.0464667;4.27106;3.30403;-7.57509;0.0150879;0;0.0150879;7.61538;0.0754395;99.36;
0.0465333;3.30403;1.69231;-4.99634;0.0150879;0;0.0150879;5.10714;0.0754395;96.48;
0.0466;2.65934;-0.0805861;-2.57875;0.0150879;0;0.0150879;3.00183;0.0452637;93.6;
0.0466667;2.57875;-1.20879;-1.36996;0;0;0;2.58883;0.0301758;90.72;
0.0467333;2.57875;-2.57875;0;0;0;0.0150879;3.02198;0.0754395;87.84;
0.0468;2.49817;-3.38462;0.886447;0.0150879;0.0150879;0;3.56593;0.0150879;84.96;
0.0468667;2.41758;-3.94872;1.53114;0.0150879;0;0;4.03938;0.0150879;82.08;
0.0469333;2.57875;-5.23809;2.65934;0.0150879;0.0150879;0;5.29853;0.0603516;77.76;
0.047;3.14286;-6.9304;3.78755;0.0150879;0.0150879;0;7.00092;0.0150879;74.88;
0.0470667;4.0293;-8.54212;4.51282;0;0.0150879;-0.0150879;8.61264;0.0754395;72;
0.0471333;5.8022;-9.8315;4.0293;0;0.0150879;-0.0150879;9.95238;0.0905273;69.12;
0.0472;6.68864;-11.0403;4.35165;0;0.0150879;0;11.1914;0.0301758;66.24;
0.0472667;7.65568;-11.3626;3.70696;0;0.0150879;0;11.6548;0.0754395;64.8;
0.0473333;9.02564;-11.2015;2.17582;0;0.0150879;-0.0150879;11.9368;0.0452637;61.92;
0.0474;10.4762;-10.7179;0.241758;-0.0150879;0.0150879;0.0150879;12.2894;0.0452637;59.04;
0.0474667;11.7656;-9.75092;-2.01465;0;0;0.0150879;12.6319;0.0754395;56.16;
0.0475333;12.4103;-8.38095;-4.0293;0;0.0150879;0;12.7024;0.0603516;53.28;
0.0476;12.1685;-6.84982;-5.31868;-0.0150879;0.0150879;0.0150879;12.2289;0.0603516;50.4;
0.0476667;10.8791;-6.28571;-4.59341;0;0;0;10.9496;0.0905273;47.52;
0.0477333;9.8315;-5.39927;-4.43223;0;0;0;9.87179;0.0603516;44.64;
0.0478;8.38095;-4.43223;-3.94872;0;0.0150879;0;8.41117;0.0301758;41.76;
0.0478667;6.60806;-3.78755;-2.82051;0.0150879;0;0.0150879;6.65842;0.0754395;37.44;
0.0479333;4.91575;-2.98168;-1.93407;0;0;0;4.97619;0.0905273;34.56;
0.048;2.73993;-2.41758;-0.322344;0;0;0.0150879;3.04212;0.0301758;31.68;
0.0480667;1.61172;-2.82051;1.20879;0.0150879;0;0;2.89103;0.0301758;28.8;
0.0481333;0.241758;-3.14286;2.9011;0;0;0;3.56593;0;25.92;
0.0482;-0.886447;-3.22344;4.10989;0.0150879;0;-0.0150879;4.45238;0.0754395;21.6;
0.0482667;-2.09524;-3.38462;5.47985;0.0150879;0;-0.0150879;5.66117;0.0754395;18.72;
0.0483333;-3.06227;-3.78755;6.84982;0.0150879;0;0;6.99084;0.0452637;15.84;
0.0484;-3.70696;-4.67399;8.38095;0.0301758;0;-0.0150879;8.52198;0.0301758;12.96;
0.0484667;-4.27106;-6.20513;10.4762;0.0150879;0;0;10.6575;0.0754395;10.08;
0.0485333;-4.27106;-6.52747;10.7985;0.0150879;0.0150879;-0.0150879;11;0.0754395;7.2;
0.0486;-3.70696;-7.25275;10.9597;0.0150879;0;-0.0150879;11.272;0.0301758;5.76;
0.0486667;-2.57875;-8.62271;11.2015;0.0150879;0;-0.0150879;11.8562;0.0754395;2.88;
0.0487333;-0.725275;-10.0733;10.7985;0.0150879;0;0;12.1886;0.0754395;0;
0.0488;1.69231;-11.3626;9.67033;0.0150879;0.0150879;0;12.3297;0.0150879;358.56;
0.0488667;4.35165;-12.4908;8.13919;0;0.0150879;-0.0150879;12.7427;0.0301758;355.68;
0.0489333;5.72161;-12.4908;6.76923;0;0.0150879;-0.0150879;12.5714;0.0754395;351.36;
0.049;5.31868;-11.2015;5.88278;0;0.0150879;0;11.272;0.0301758;348.48;
0.0490667;4.27106;-9.58974;5.31868;0.0150879;0.0150879;0;9.67033;0.0301758;345.6;
0.0491333;3.70696;-8.13919;4.43223;0;0.0150879;-0.0150879;8.21978;0.0603516;341.28;
0.0492;2.73993;-6.3663;3.62637;0.0150879;0.0150879;0;6.45696;0.0150879;338.4;
0.0492667;1.20879;-4.0293;2.82051;0.0150879;0;0;4.20055;0.0754395;335.52;
0.0493333;-0.0805861;-2.65934;2.73993;0.0150879;0;0;3.23352;0.0301758;331.2;
0.0494;-1.85348;-1.12821;2.98168;0.0150879;0;0.0150879;3.13278;0.0452637;328.32;
0.0494667;-2.98168;0.0805861;2.9011;0.0150879;0;0;3.45513;0.0754395;325.44;
0.0495333;-4.10989;1.28938;2.82051;0.0301758;-0.0150879;0;4.27106;0.0603516;322.56;
0.0496;-5.8022;2.98168;2.82051;0.0150879;0;-0.0150879;5.86264;0.0301758;318.24;
0.0496667;-7.73626;4.43223;3.30403;0.0452637;0;-0.0301758;7.82692;0.0603516;315.36;
0.0497333;-9.2674;4.83516;4.43223;0.0150879;-0.0150879;0;9.33791;0.0905273;312.48;
0.0498;-10.3956;5.15751;5.2381;0.0301758;-0.0150879;0.0150879;10.4661;0.0301758;309.6;
0.0498667;-11.4432;4.67399;6.76923;0.0301758;0;0;11.5742;0.0150879;308.16;
0.0499333;-12.0073;4.27106;7.73626;0.0301758;0;0;12.239;0.0754395;305.28;
0.05;-12.3297;2.49817;9.8315;0.0301758;0;0;13.1053;0;302.4;
0.0500667;-11.8462;0.40293;11.4432;0;0;0;13.5183;0;299.52;
0.0501333;-11.0403;-2.41758;13.4579;0.0301758;0.0150879;-0.0150879;14.4753;0.0754395;296.64;
0.0502;-9.75092;-4.51282;14.2637;0.0301758;0.0150879;-0.0150879;14.707;0.0150879;293.76;
0.0502667;-8.62271;-5.72161;14.3443;0.0150879;0.0150879;0;14.5659;0.0754395;290.88;
0.0503333;-7.17216;-4.83516;12.0073;0.0150879;0;-0.0150879;12.2088;0.0603516;288;
0.0504;-6.20513;-4.43223;10.6374;0.0301758;0;0;10.8086;0.0301758;285.12;
0.0504667;-5.23809;-3.4652;8.7033;0.0150879;0;0;8.88461;0.0754395;280.8;
0.0505333;-4.35165;-2.09524;6.44689;0.0150879;0;0;6.69872;0.0754395;277.92;
0.0506;-3.54579;-0.483516;4.0293;0.0150879;-0.0150879;0;4.51282;0.0301758;275.04;
0.0506667;-2.82051;1.36996;1.45055;0.0150879;0;0;2.88095;0.0754395;272.16;
0.0507333;-2.98168;2.65934;0.322344;0.0150879;0;0.0150879;3.3141;0.0754395;269.28;
0.0508;-3.14286;3.62637;-0.483516;0.0150879;0;0.0150879;3.96886;0.0150879;266.4;
0.0508667;-2.82051;4.27106;-1.45055;0.0150879;-0.0150879;0;4.36172;0.0301758;263.52;
0.0509333;-2.98168;5.31868;-2.337;0.0150879;0;0.0150879;5.33883;0.0754395;259.2;
0.051;-3.30403;6.9304;-3.62637;0.0150879;0;0.0150879;6.94048;0;256.32;
0.0510667;-4.19048;8.7033;-4.51282;0.0150879;0;0;8.71337;0.0150879;253.44;
0.0511333;-5.64103;10.0733;-4.43223;0.0150879;-0.0150879;0.0150879;10.1035;0.105615;250.56;
0.0512;-6.3663;11.0403;-4.67399;0.0150879;-0.0150879;0;11.1007;0.0301758;247.68;
0.0512667;-7.17216;11.4432;-4.27106;0.0301758;0;0;11.5842;0.0603516;244.8;
0.0513333;-7.97802;11.7656;-3.78755;0.0301758;-0.0150879;-0.0150879;12.0375;0.0301758;241.92;
0.0514;-9.50916;11.5238;-2.01465;0.0301758;-0.0150879;0.0150879;12.3397;0.0301758;240.48;
0.0514667;-11.1209;10.4762;0.644689;0.0301758;-0.0150879;-0.0150879;12.5311;0.0905273;237.6;
0.0515333;-12.3297;9.18681;3.14286;0.0301758;0;0;12.8736;0.0905273;234.72;
0.0516;-12.652;7.57509;5.07692;0.0150879;-0.0150879;0;12.8031;0.0150879;231.84;
0.0516667;-11.6044;6.12454;5.47985;0.0301758;0;0;11.6749;0.0150879;228.96;
0.0517333;-10.1538;5.31868;4.83517;0.0301758;0;-0.0150879;10.2244;0.0754395;226.08;
0.0518;-8.78388;4.43223;4.35165;0.0301758;0;0;8.84432;0.0150879;221.76;
0.0518667;-7.01099;3.94872;3.06227;0.0150879;0;-0.0150879;7.09157;0.0452637;218.88;
0.0519333;-5.23809;3.14286;2.09524;0.0150879;0;0;5.32875;0.0603516;216;
0.052;-3.38462;2.57875;0.805861;0.0150879;0;0;3.58608;0.0150879;213.12;
0.0520667;-2.17582;2.73993;-0.564102;0.0150879;-0.0150879;0;2.92125;0.0150879;210.24;
0.0521333;-0.644689;3.22344;-2.57875;0.0150879;0;0.0150879;3.39469;0.0754395;205.92;
0.0522;0.322344;3.22344;-3.54579;0.0150879;0;0.0150879;3.93864;0.0150879;203.04;
0.0522667;1.45055;3.38462;-4.83516;0;0;0;4.98626;0.0754395;200.16;
0.0523333;2.82051;3.70696;-6.52747;0.0150879;0;0.0150879;6.56777;0.0150879;197.28;
0.0524;3.62637;4.43223;-8.05861;0;0;0.0150879;8.0989;0.0150879;194.4;
0.0524667;3.94872;5.56044;-9.50916;0.0150879;0;0.0150879;9.57967;0.0754395;191.52;
0.0525333;3.70696;6.60806;-10.315;0;0;0.0150879;10.4762;0.0603516;188.64;
0.0526;3.70696;7.41392;-11.1209;0;0;0.0150879;11.3425;0.0754395;185.76;
0.0526667;2.9011;8.62271;-11.5238;0;0;0.0150879;12.0073;0.0452637;182.88;
0.0527333;1.28938;10.1538;-11.4432;0.0150879;0;0.0150879;12.5513;0.0603516;181.44;
0.0528;-1.04762;11.685;-10.6374;0.0301758;-0.0150879;0.0150879;12.9038;0.0150879;178.56;
0.0528667;-3.4652;12.9744;-9.50916;0.0301758;-0.0150879;0.0150879;13.4277;0.0301758;175.68;
0.0529333;-5.72161;13.2967;-7.57509;0.0150879;-0.0150879;0;13.337;0.0603516;172.8;
0.053;-5.07692;12.1685;-7.09157;0.0301758;-0.0150879;0.0150879;12.2189;0.0150879;169.92;
0.0530667;-4.67399;10.5568;-5.88278;0.0150879;-0.0150879;0;10.5769;0.0301758;167.04;
0.0531333;-3.78755;9.50916;-5.72161;0.0150879;-0.0150879;0;9.5696;0.0452637;162.72;
0.0532;-3.14286;7.89744;-4.75458;0.0150879;-0.0150879;0;7.9478;0.0301758;159.84;
0.0532667;-2.01465;5.56044;-3.54579;0.0150879;0;0;5.63095;0.0905273;156.96;
0.0533333;0.161172;3.38462;-3.54579;0.0150879;0;0.0150879;4.0293;0.0301758;152.64;
0.0534;1.53114;1.77289;-3.30403;0;0;0;3.33425;0.0301758;149.76;
0.0534667;3.38462;0.564103;-3.94872;0;-0.0150879;0.0150879;4.30128;0.0905273;146.88;
0.0535333;4.0293;-0.805861;-3.22344;0;0;0.0150879;4.26099;0.0754395;142.56;
0.0536;5.64103;-2.337;-3.30403;0.0150879;0;0;5.68132;0.0301758;139.68;
0.0536667;7.4945;-3.94872;-3.54579;0.0150879;0;-0.0150879;7.52472;0.0301758;136.8;
0.0537333;8.62271;-4.91575;-3.70696;0;0.0150879;0.0150879;8.68315;0.0754395;133.92;
0.0538;10.2344;-4.67399;-5.56044;0;0.0150879;0.0150879;10.2647;0.0150879;131.04;
0.0538667;11.2821;-4.83516;-6.44689;0;0;0;11.3425;0.0301758;128.16;
0.0539333;11.9267;-4.51282;-7.41392;0;0.0150879;0.0150879;12.0577;0.0754395;125.28;
0.054;12.3297;-3.30403;-9.02564;-0.0150879;0;0.0150879;12.7729;0.0301758;123.84;
0.0540667;12.1685;-1.36996;-10.7985;0;0;0.0150879;13.3269;0.0150879;120.96;
0.0541333;11.6044;1.28938;-12.8938;0;0;0.0150879;14.2335;0.0754395;118.08;
0.0542;10.4762;3.78755;-14.2637;0;0;0.0150879;14.8077;0.0150879;115.2;
0.0542667;9.02564;5.56044;-14.5861;0;0;0.0150879;14.7473;0.0754395;112.32;
0.0543333;7.89744;5.39927;-13.2967;0.0150879;0;0.0150879;13.3974;0.0150879;109.44;
0.0544;6.20513;4.59341;-10.7985;0.0150879;-0.0150879;0;10.859;0.0150879;105.12;
0.0544667;5.23809;3.70696;-8.94505;0;-0.0150879;0.0150879;9.01557;0.0754395;102.24;
0.0545333;4.27106;2.49817;-6.76923;0.0150879;-0.0150879;0;6.86996;0.0754395;99.36;
0.0546;3.22344;0.805861;-4.0293;0;0;0;4.29121;0.0301758;95.04;
0.0546667;2.98168;-0.644689;-2.337;0.0150879;0.0150879;0;3.13278;0.0754395;92.16;
0.0547333;2.98168;-1.93407;-1.04762;0;0;0;3.0522;0.0905273;89.28;
0.0548;2.9011;-2.98168;0.080586;0.0150879;0;0;3.44505;0.0301758;86.4;
0.0548667;2.65934;-3.62637;0.967033;0.0150879;0;0;3.81777;0.0150879;83.52;
0.0549333;2.65934;-4.91575;2.25641;0.0150879;0;0;4.98626;0.0754395;80.64;
0.055;2.98168;-6.28571;3.30403;0.0150879;0;-0.0150879;6.35623;0.0301758;77.76;
0.0550667;3.62637;-7.89744;4.27106;0.0150879;0;-0.0150879;7.96795;0.0301758;73.44;
0.0551333;4.83516;-9.42857;4.59341;0;0.0150879;0;9.49908;0.0754395;70.56;
0.0552;6.12454;-10.9597;4.83516;0;0;0;11.0504;0.0301758;69.12;
0.0552667;6.60806;-11.3626;4.75458;0.0150879;0.0150879;0;11.4835;0.0754395;66.24;
0.0553333;8.05861;-11.5238;3.4652;0;0.0150879;0;11.8864;0.0301758;63.36;
0.0554;9.34798;-11.2015;1.85348;0;0;0;12.0678;0.0301758;60.48;
0.0554667;10.7985;-10.4762;-0.322345;0;0.0150879;0.0150879;12.3397;0.0754395;57.6;
0.0555333;11.9267;-9.10623;-2.82051;-0.0150879;0.0150879;0.0150879;12.511;0.0754395;54.72;
0.0556;12.2491;-7.25275;-4.99634;0;0.0150879;0.0150879;12.3498;0.0150879;51.84;
0.0556667;11.3626;-6.60806;-4.75458;0;0;0.0150879;11.4432;0.0754395;48.96;
0.0557333;10.2344;-5.64103;-4.59341;0;0;0.0150879;10.2848;0.0754395;46.08;
0.0558;8.78388;-4.75458;-4.0293;0.0150879;0;0.0150879;8.82417;0.0150879;43.2;
0.0558667;7.33333;-3.86813;-3.4652;0;0;0;7.36355;0.0452637;38.88;
0.0559333;5.56044;-3.14286;-2.41758;0;0;0.0150879;5.60073;0.0905273;36;
0.056;3.38462;-2.41758;-0.967033;0;0;0;3.51557;0.0301758;33.12;
0.0560667;2.09524;-2.49817;0.40293;0;0;0;2.73993;0.0301758;30.24;
0.0561333;0.725275;-2.82051;2.09524;0;0;0;3.00183;0.0754395;25.92;
0.0562;-0.644689;-3.14286;3.78755;0.0150879;0;0;4.17033;0.0452637;23.04;
0.0562667;-1.85348;-3.14286;4.99634;0.0150879;0;-0.0150879;5.17766;0.0905273;20.16;
0.0563333;-2.9011;-3.54579;6.44689;0.0150879;0;-0.0150879;6.58791;0.0150879;17.28;
0.0564;-3.62637;-4.27106;7.89744;0.0150879;0;0;8.02839;0.0150879;14.4;
0.0564667;-4.0293;-5.56044;9.58974;0.0150879;0;-0.0150879;9.75091;0.0905273;11.52;
0.0565333;-4.10989;-6.52747;10.6374;0.0301758;0.0150879;-0.0150879;10.8489;0.0754395;8.64;
0.0566;-3.86813;-7.17216;11.0403;0.0301758;0.0150879;-0.0150879;11.3324;0.0150879;5.76;
0.0566667;-2.57875;-8.05861;10.6374;0.0150879;0.0150879;-0.0150879;11.2216;0.0452637;2.88;
0.0567333;-0.725275;-9.58974;10.315;0.0301758;0.0150879;-0.0150879;11.6346;0.0603516;1.44;
0.0568;1.53114;-11.2015;9.67033;0.0150879;0.0150879;0;12.2189;0;358.56;
0.0568667;4.27106;-12.4908;8.21978;0.0150879;0.0150879;-0.0150879;12.7628;0.0150879;355.68;
0.0569333;5.96337;-12.4908;6.52747;0.0150879;0.0150879;-0.0150879;12.5614;0.0754395;352.8;
0.057;6.04396;-11.2015;5.15751;0.0150879;0.0150879;0;11.272;0.0150879;348.48;
0.0570667;4.83516;-9.75092;4.91575;0;0.0301758;0;9.81135;0.0754395;345.6;
0.0571333;3.86813;-8.21978;4.35165;0;0;0;8.29029;0.0754395;342.72;
0.0572;3.06227;-6.12454;3.06227;0.0150879;0.0150879;0;6.19505;0.0150879;338.4;
0.0572667;1.45055;-4.0293;2.57875;0.0150879;0.0150879;0;4.15018;0.0452637;335.52;
0.0573333;0.322344;-2.49817;2.17582;0.0150879;0;0;2.79029;0.0150879;331.2;
0.0574;-1.53114;-1.04762;2.57875;0.0301758;0;0;2.71978;0.0150879;328.32;
0.0574667;-3.06227;0.40293;2.65934;0.0150879;0.0150879;0;3.39469;0.0754395;325.44;
0.0575333;-4.0293;1.85348;2.17582;0.0301758;0;0;4.08974;0.0905273;321.12;
0.0576;-5.72161;3.30403;2.41758;0.0150879;-0.0150879;0;5.8022;0.0754395;318.24;
0.0576667;-7.4945;4.67399;2.82051;0.0150879;0;0;7.62546;0.0754395;315.36;
0.0577333;-8.62271;5.07692;3.54579;0;0;0;8.73352;0;312.48;
0.0578;-10.0733;5.07692;4.99634;0.0301758;0.0150879;-0.0150879;10.1438;0.0452637;309.6;
0.0578667;-11.2821;4.51282;6.76923;0.0301758;-0.0150879;-0.0150879;11.4231;0.0301758;306.72;
0.0579333;-11.685;3.70696;7.97802;0.0301758;0;0;12.0073;0.0905273;303.84;
0.058;-11.5238;1.69231;9.8315;0.0301758;0;-0.0150879;12.511;0.0301758;300.96;
0.0580667;-10.7985;-0.967033;11.7656;0.0301758;0;-0.0301758;13.1859;0.0301758;299.52;
0.0581333;-9.42857;-3.54579;12.9744;0.0301758;0;-0.0301758;13.5385;0.0301758;296.64;
0.0582;-8.21978;-5.39927;13.619;0.0150879;0;-0.0150879;13.8407;0.0150879;292.32;
0.0582667;-7.09157;-5.31868;12.4103;0.0150879;0.0150879;-0.0150879;12.5815;0.0754395;289.44;
0.0583333;-6.20513;-5.23809;11.4432;0.0301758;0.0150879;-0.0301758;11.5842;0.0301758;286.56;
0.0584;-5.07692;-4.10989;9.18681;0.0301758;0.0150879;-0.0150879;9.32784;0.0150879;282.24;
0.0584667;-4.0293;-3.14286;7.17216;0.0150879;0.0150879;-0.0150879;7.31319;0.0754395;279.36;
0.0585333;-2.98168;-1.53114;4.51282;0;0;0;4.71429;0.0905273;276.48;
0.0586;-2.01465;0.241758;1.77289;0.0150879;0;-0.0150879;2.25641;0.0150879;272.16;
0.0586667;-2.01465;1.36996;0.644688;0.0150879;0;0;2.10531;0.0301758;269.28;
0.0587333;-2.17582;2.9011;-0.725275;0.0150879;0;0.0150879;3.04212;0.0603516;266.4;
0.0588;-2.09524;4.0293;-1.93407;0.0150879;0;0.0150879;4.03938;0.0150879;263.52;
0.0588667;-2.01465;4.83516;-2.82051;0.0150879;-0.0150879;0.0150879;4.85531;0.0150879;260.64;
0.0589333;-2.337;6.12454;-3.78755;0.0150879;-0.0150879;0.0150879;6.17491;0.0905273;257.76;
0.059;-3.14286;7.57509;-4.43223;0.0150879;-0.0150879;0.0150879;7.61538;0.0301758;253.44;
0.0590667;-4.35165;9.2674;-4.91575;0.0150879;-0.0150879;0;9.27747;0.0452637;250.56;
0.0591333;-6.04396;10.6374;-4.59341;0.0150879;-0.0150879;0.0150879;10.6777;0.0754395;247.68;
0.0592;-6.60806;11.2015;-4.59341;0.0301758;-0.0150879;0.0150879;11.272;0.0150879;244.8;
0.0592667;-7.81685;10.8791;-3.06227;0;-0.0150879;0.0150879;11.2418;0.0905273;241.92;
0.0593333;-8.94505;10.6374;-1.69231;0.0301758;-0.0150879;0.0150879;11.4634;0.0301758;240.48;
0.0594;-10.5568;9.02564;1.53114;0.0150879;-0.0150879;0;11.4634;0.0150879;237.6;
0.0594667;-11.3626;7.57509;3.78755;0.0301758;0;0;11.6346;0.0754395;234.72;
0.0595333;-11.5238;5.8022;5.72161;0.0301758;0;0;11.5943;0.0603516;230.4;
0.0596;-10.5568;5.15751;5.39927;0.0301758;0;0;10.6273;0.0150879;227.52;
0.0596667;-9.18681;4.19048;4.99634;0.0301758;0;0;9.2674;0.0603516;224.64;
0.0597333;-7.25275;3.14286;4.10989;0.0301758;0;0;7.34341;0.0603516;221.76;
0.0598;-5.07692;2.41758;2.65934;0.0150879;-0.0150879;0;5.13736;0.0301758;218.88;
0.0598667;-3.30403;1.28938;2.01465;0.0150879;-0.0150879;0;3.39469;0.0452637;214.56;
0.0599333;-2.41758;1.04762;1.36996;0.0150879;0;-0.0150879;2.4881;0.0754395;211.68;
0.06;-1.12821;1.20879;-0.0805861;0;0;0;1.39011;0.0301758;208.8;
0.0600667;0.725275;1.61172;-2.337;0.0150879;-0.0150879;0;2.41758;0.0301758;204.48;
0.0601333;2.09524;1.69231;-3.78755;0;0;0;3.81777;0.0754395;201.6;
0.0602;3.14286;1.85348;-4.99634;0.0150879;0;0.0150879;5.07692;0.0150879;198.72;
0.0602667;4.0293;2.49817;-6.52747;0;0;0.0150879;6.60806;0.0754395;195.84;
0.0603333;4.43223;3.30403;-7.73626;0.0150879;0;0.0150879;7.78663;0.0301758;192.96;
0.0604;4.59341;4.67399;-9.2674;0;0;0.0150879;9.28755;0.0452637;190.08;
0.0604667;3.70696;6.44689;-10.1538;0;0;0.0150879;10.2949;0.0754395;187.2;
0.0605333;2.9011;7.17216;-10.0733;0;-0.0150879;0.0150879;10.3956;0.0754395;184.32;
0.0606;1.36996;8.46154;-9.8315;0.0150879;-0.0150879;0.0150879;10.6676;0.0150879;181.44;
0.0606667;-0.967033;9.91209;-8.94505;0.0150879;-0.0301758;0.0150879;10.9093;0.0452637;178.56;
0.0607333;-3.94872;11.1209;-7.17216;0.0150879;-0.0150879;0;11.272;0.0754395;177.12;
0.0608;-5.39927;11.2821;-5.88278;0.0301758;-0.0150879;0.0150879;11.2921;0.0150879;172.8;
0.0608667;-5.07692;10.7985;-5.72161;0.0301758;0;0;10.8086;0.0150879;169.92;
0.0609333;-4.91575;9.50916;-4.59341;0.0150879;0;0.0150879;9.51923;0.0754395;167.04;
0.061;-4.35165;7.73626;-3.38461;0.0301758;-0.0150879;0.0150879;7.76648;0.0150879;162.72;
0.0610667;-3.38462;6.04396;-2.65934;0.0150879;0;0;6.07418;0.0301758;159.84;
0.0611333;-2.337;4.0293;-1.69231;0.0150879;0;-0.0150879;4.05952;0.0905273;155.52;
0.0612;-0.886447;2.17582;-1.28938;0.0150879;-0.0150879;0;2.1859;0.0301758;152.64;
0.0612667;0.241758;0.725275;-0.967033;0;0;0;1.02747;0.0754395;149.76;
0.0613333;2.25641;-0.967033;-1.28938;0;0;0;2.27656;0.0452637;145.44;
0.0614;4.0293;-3.14286;-0.886446;0;0;0;4.27106;0.0301758;142.56;
0.0614667;4.83516;-3.94872;-0.886447;0;0;0;5.18773;0.0905273;139.68;
0.0615333;6.20513;-4.59341;-1.61172;0;0.0150879;0;6.47711;0.0905273;136.8;
0.0616;7.09157;-4.99634;-2.09524;0;0;0;7.32326;0.0301758;132.48;
0.0616667;8.54212;-5.07692;-3.4652;0.0150879;0;0.0150879;8.62271;0.0452637;129.6;
0.0617333;9.99267;-4.43223;-5.56044;-0.0150879;0;0.0150879;10.033;0.105615;128.16;
0.0618;10.315;-3.38462;-6.9304;0;0;0;10.5266;0.0301758;125.28;
0.0618667;10.1538;-1.45055;-8.7033;0;0;0;10.9799;0.0301758;122.4;
0.0619333;9.34798;1.28938;-10.6374;0;-0.0150879;0.0150879;11.6447;0.0754395;119.52;
0.062;7.89744;4.19048;-12.0879;0;0;0.0301758;12.3095;0.0150879;116.64;
0.0620667;6.3663;6.28571;-12.652;0.0150879;-0.0150879;0.0301758;12.6822;0.0150879;113.76;
0.0621333;5.56044;5.8022;-11.3626;0.0150879;0;0.0150879;11.3929;0.0754395;109.44;
0.0622;4.83516;5.23809;-10.0733;0;-0.0150879;0.0150879;10.1035;0.0301758;106.56;
0.0622667;3.62637;4.43223;-8.05861;0.0150879;0;0.0150879;8.0989;0.0754395;103.68;
0.0623333;2.337;3.54579;-5.88278;0.0150879;0;0;5.94322;0.0603516;99.36;
0.0624;0.967033;2.01465;-2.98168;0;0;0.0150879;3.06227;0.0301758;96.48;
0.0624667;0.0805861;0.805861;-0.886447;0.0150879;0;0;0.997253;0.0754395;92.16;
0.0625333;0.161172;-0.161172;0;0.0150879;0.0150879;0;0.241758;0.0603516;89.28;
0.0626;0.161172;-1.85348;1.69231;0.0150879;0;0;2.11538;0.0754395;86.4;
0.0626667;0.161172;-3.4652;3.30403;0.0150879;0.0150879;0;3.97894;0.0452637;83.52;
0.0627333;0.322344;-4.19048;3.86813;0.0150879;0.0150879;0;4.72436;0.0301758;80.64;
0.0628;0.967033;-4.59341;3.62637;0.0150879;0.0150879;0;4.90568;0.0301758;76.32;
0.0628667;1.53114;-6.04396;4.51282;0.0150879;0;0;6.35623;0.0150879;73.44;
0.0629333;2.73993;-7.65568;4.91575;0.0150879;0.0150879;-0.0150879;7.82692;0.0754395;70.56;
0.063;4.35165;-9.02564;4.67399;0.0150879;0.0150879;0;9.09615;0.0150879;67.68;
0.0630667;6.12454;-9.8315;3.70696;0;0;0;9.99267;0.0301758;64.8;
0.0631333;7.09157;-9.67033;2.57875;0;0;0;10.0733;0.0603516;61.92;
0.0632;8.21978;-8.78388;0.564102;0;0;0;9.89194;0.0301758;59.04;
0.0632667;9.50916;-7.41392;-2.09524;0;0.0150879;0.0150879;10.033;0.0754395;56.16;
0.0633333;10.1538;-5.72161;-4.43223;0;0;0;10.2042;0.0603516;53.28;
0.0634;9.99267;-4.91575;-5.07692;0;0;0.0150879;10.0128;0.0150879;50.4;
0.0634667;8.86447;-4.35165;-4.51282;-0.0150879;0;0.0150879;8.88461;0.0754395;47.52;
0.0635333;7.25275;-2.82051;-4.43223;0;0;0.0150879;7.32326;0.0754395;43.2;
0.0636;5.39927;-1.77289;-3.62637;0.0150879;-0.0150879;0;5.51007;0.0301758;40.32;
0.0636667;3.4652;-0.564103;-2.9011;0.0150879;0;0.0150879;3.70696;0.0301758;37.44;
0.0637333;2.337;0.0805861;-2.41758;0;-0.0150879;0.0150879;2.77015;0.0905273;33.12;
0.0638;1.12821;0.40293;-1.53114;0;-0.0150879;0.0150879;-1.61172;0.0301758;30.24;
0.0638667;-0.644689;0.241758;0.40293;0;0;0;-0.715201;0;27.36;
0.0639333;-2.65934;0.0805861;2.57875;0.0150879;0;0;3.08242;0.0754395;23.04;
0.064;-4.10989;-0.322344;4.43223;0.0150879;0;0;5.05678;0.0150879;20.16;
0.0640667;-4.51282;-0.725275;5.23809;0.0150879;0;-0.0150879;5.79212;0.0452637;17.28;
0.0641333;-4.75458;-1.36996;6.12454;0.0150879;0;-0.0150879;6.54762;0.0754395;14.4;
0.0642;-4.91575;-2.49817;7.41392;0.0150879;0;0;7.66575;0.0150879;11.52;
0.0642667;-4.91575;-3.94872;8.86447;0.0150879;0.0150879;0;9.00549;0.0754395;8.64;
0.0643333;-4.0293;-5.31868;9.34798;0.0150879;0.0150879;0;9.49908;0.0150879;5.76;
0.0644;-3.22344;-6.04396;9.2674;0.0150879;0;0;9.53938;0.0301758;2.88;
0.0644667;-1.69231;-6.84982;8.54212;0.0150879;0.0150879;-0.0150879;9.16667;0.0754395;0;
0.0645333;0.805861;-8.13919;7.33333;0.0150879;0.0150879;0;9.03571;0.0603516;357.12;
0.0646;3.70696;-8.94505;5.23809;0;0.0150879;0.0150879;9.05586;0.0452637;354.24;
0.0646667;5.39927;-9.8315;4.43223;0;0;0;9.91209;0;351.36;
0.0647333;5.23809;-8.78388;3.54579;0;0;0;8.90476;0.0754395;348.48;
0.0648;4.75458;-6.76923;2.01465;0.0150879;0.0150879;0;7.01099;0.0150879;344.16;
0.0648667;3.78755;-4.91575;1.1282;0.0150879;0;0;5.20788;0.0452637;341.28;
0.0649333;2.9011;-2.98168;0.080586;0;0;0;3.44505;0.0754395;338.4;
0.065;2.41758;-2.09524;-0.322344;0.0150879;0.0150879;0;-2.66941;0.0301758;334.08;
0.0650667;1.12821;-0.967033;-0.161172;0.0150879;0;0.0150879;-1.25916;0.0150879;331.2;
0.0651333;0;1.20879;-1.20879;0;-0.0150879;0.0150879;-1.41026;0.0452637;326.88;
0.0652;-2.25641;3.06227;-0.805861;0.0301758;0;0;-3.2033;0.0150879;324;
0.0652667;-3.62637;4.0293;-0.40293;0.0150879;0;0;4.47253;0.0754395;321.12;
0.0653333;-3.94872;4.51282;-0.564103;0.0150879;0;0;4.95604;0.0452637;318.24;
0.0654;-4.91575;4.75458;0.161172;0.0150879;-0.0150879;0;5.63095;0.0452637;315.36;
0.0654667;-6.04396;5.23809;0.805861;0.0150879;0;0;6.60806;0.0754395;312.48;
0.0655333;-7.57509;4.99634;2.57875;0.0150879;0;0.0150879;7.75641;0.0754395;309.6;
0.0656;-8.86447;4.59341;4.27106;0.0301758;-0.0150879;0;8.92491;0.0150879;306.72;
0.0656667;-9.42857;3.14286;6.28571;0.0301758;0;0;9.67033;0.0754395;303.84;
0.0657333;-8.78388;1.12821;7.65568;0.0301758;0.0150879;-0.0301758;9.61996;0.0905273;300.96;
0.0658;-7.81685;-1.53114;9.34798;0.0150879;0;-0.0150879;10.1438;0.0301758;298.08;
0.0658667;-6.20513;-4.10989;10.315;0.0150879;0.0150879;-0.0150879;10.5165;0.0150879;295.2;
0.0659333;-5.56044;-5.23809;10.7985;0.0150879;0;-0.0150879;10.9295;0.0754395;292.32;
0.066;-4.75458;-5.47985;10.2344;0.0301758;0.0150879;-0.0150879;10.3654;0.0150879;289.44;
0.0660667;-3.54579;-4.91575;8.46154;0.0150879;0;-0.0150879;8.62271;0.0150879;286.56;
0.0661333;-2.01465;-4.27106;6.28571;0.0150879;0.0150879;0;6.54762;0.0603516;282.24;
0.0662;-0.40293;-2.98168;3.38462;0.0150879;0.0150879;0;3.81777;0.0150879;279.36;
0.0662667;0.564103;-2.49817;1.93407;0.0150879;0;0;-2.68956;0.0754395;275.04;
0.0663333;1.12821;-1.69231;0.564103;0.0150879;0.0150879;0;-1.78297;0.0301758;272.16;
0.0664;1.28938;-0.40293;-0.886447;0;0;0.0150879;-1.3196;0.0301758;269.28;
0.0664667;1.45055;1.04762;-2.49817;0;0.0150879;0.0150879;-2.53846;0.0754395;266.4;
0.0665333;1.12821;2.09524;-3.22344;0;0;0;-3.29396;0.0905273;263.52;
0.0666;0.322344;3.22344;-3.54579;0.0150879;-0.0150879;0.0150879;3.93864;0.0301758;260.64;